id,question,choices,choice_keys,answer,type,response
Q1,Wie wichtig ist Ihnen Familie in Ihrem Leben?,"['Sehr wichtig', 'Ziemlich wichtig', 'Nicht wichtig', 'Überhaupt nicht wichtig']","['1', '2', '3', '4']","1. Sehr wichtig
2. Ziemlich wichtig
3. Nicht wichtig
4. Überhaupt nicht wichtig",Opinion-Dependent,"{'1': '65.21%', '2': '27.34%', '3': '5.12%', '4': '2.33%'}"
Q2,Wie wichtig sind Ihnen Freunde in Ihrem Leben?,"['Sehr wichtig', 'Ziemlich wichtig', 'Nicht wichtig', 'Überhaupt nicht wichtig']","['1', '2', '3', '4']","1. Sehr wichtig
2. Ziemlich wichtig
3. Nicht wichtig
4. Überhaupt nicht wichtig",Opinion-Dependent,"{'1': '65.21%', '2': '27.34%', '3': '5.12%', '4': '2.33%'}"
Q3,Wie wichtig ist Ihnen Freizeit in Ihrem Leben?,"['Sehr wichtig', 'Ziemlich wichtig', 'Nicht wichtig', 'Überhaupt nicht wichtig']","['1', '2', '3', '4']","1. Sehr wichtig
2. Ziemlich wichtig
3. Nicht wichtig
4. Überhaupt nicht wichtig",Opinion-Dependent,"{'1': '45.00%', '2': '40.00%', '3': '10.00%', '4': '5.00%'}"
Q4,Wie wichtig ist Ihnen Politik in Ihrem Leben?,"['Sehr wichtig', 'Ziemlich wichtig', 'Nicht wichtig', 'Überhaupt nicht wichtig']","['1', '2', '3', '4']","1. Sehr wichtig
2. Ziemlich wichtig
3. Nicht wichtig
4. Überhaupt nicht wichtig",Opinion-Dependent,"{'1': '35.21%', '2': '42.59%', '3': '15.63%', '4': '6.57%'}"
Q5,Wie wichtig ist Ihnen Arbeit in Ihrem Leben?,"['Sehr wichtig', 'Ziemlich wichtig', 'Nicht wichtig', 'Überhaupt nicht wichtig']","['1', '2', '3', '4']","1. Sehr wichtig
2. Ziemlich wichtig
3. Nicht wichtig
4. Überhaupt nicht wichtig",Opinion-Dependent,"{'1': '45.00%', '2': '40.00%', '3': '10.00%', '4': '5.00%'}"
Q6,Wie wichtig ist Ihnen Religion in Ihrem Leben?,"['Sehr wichtig', 'Ziemlich wichtig', 'Nicht wichtig', 'Überhaupt nicht wichtig']","['1', '2', '3', '4']","1. Sehr wichtig
2. Ziemlich wichtig
3. Nicht wichtig
4. Überhaupt nicht wichtig",Opinion-Dependent,"{'1': '25.00%', '2': '35.00%', '3': '25.00%', '4': '15.00%'}"
Q18,Würden Sie Drogenabhängige ungern als Nachbarn haben?,"['Genannt', 'Nicht genannt']","['1', '2']","1. Genannt
2. Nicht genannt",Opinion-Dependent,"{'1': '65.32%', '2': '34.68%'}"
Q19,Würden Sie Menschen anderer Hautfarbe ungern als Nachbarn haben?,"['Genannt', 'Nicht genannt']","['1', '2']","1. Genannt
2. Nicht genannt",Opinion-Dependent,"{'1': '5.23%', '2': '94.77%'}"
Q20,Würden Sie Menschen mit AIDS ungern als Nachbarn haben?,"['Genannt', 'Nicht genannt']","['1', '2']","1. Genannt
2. Nicht genannt",Opinion-Dependent,"{'1': '12.34%', '2': '87.66%'}"
Q21,Würden Sie Ausländer/ausländische Arbeitskräfte ungern als Nachbarn haben?,"['Genannt', 'Nicht genannt']","['1', '2']","1. Genannt
2. Nicht genannt",Opinion-Dependent,"{'1': '15.23%', '2': '84.77%'}"
Q22,Würden Sie Homosexuelle ungern als Nachbarn haben?,"['Genannt', 'Nicht genannt']","['1', '2']","1. Genannt
2. Nicht genannt",Opinion-Dependent,"{'1': '12.34%', '2': '87.66%'}"
Q23,Würden Sie Menschen anderer Religion ungern als Nachbarn haben?,"['Genannt', 'Nicht genannt']","['1', '2']","1. Genannt
2. Nicht genannt",Opinion-Dependent,"{'1': '12.34%', '2': '87.66%'}"
Q24,"Würden Sie Leute, die oft betrunken sind, ungern als Nachbarn haben?","['Genannt', 'Nicht genannt']","['1', '2']","1. Genannt
2. Nicht genannt",Opinion-Dependent,"{'1': '78.34%', '2': '21.66%'}"
Q25,"Würden Sie unverheiratete Paare, die zusammenleben, ungern als Nachbarn haben?","['Genannt', 'Nicht genannt']","['1', '2']","1. Genannt
2. Nicht genannt",Opinion-Dependent,"{'1': '25.31%', '2': '74.69%'}"
Q26,"Würden Sie Menschen, die eine andere Sprache sprechen, ungern als Nachbarn haben?","['Genannt', 'Nicht genannt']","['1', '2']","1. Genannt
2. Nicht genannt",Opinion-Dependent,"{'1': '15.00%', '2': '85.00%'}"
Q27,"Zu meinen Lebenszielen gehört es, meine Eltern mit Stolz zu erfüllen.","['Stimme voll und ganz zu', 'Stimme zu', 'Stimme nicht zu', 'Stimme überhaupt nicht zu']","['1', '2', '3', '4']","1. Stimme voll und ganz zu
2. Stimme zu
3. Stimme nicht zu
4. Stimme überhaupt nicht zu",Opinion-Dependent,"{'1': '25.00%', '2': '40.00%', '3': '25.00%', '4': '10.00%'}"
Q28,"Wenn eine Mutter einer bezahlten Arbeit nachgeht, dann leiden ihre Kinder darunter.","['Stimme voll und ganz zu', 'Stimme zu', 'Stimme nicht zu', 'Stimme überhaupt nicht zu']","['1', '2', '3', '4']","1. Stimme voll und ganz zu
2. Stimme zu
3. Stimme nicht zu
4. Stimme überhaupt nicht zu",Opinion-Dependent,"{'1': '12.34%', '2': '23.45%', '3': '34.56%', '4': '29.65%'}"
Q29,In politischen Führungspositionen sind Männer allgemein besser als Frauen.,"['Stimme voll und ganz zu', 'Stimme zu', 'Stimme nicht zu', 'Stimme überhaupt nicht zu']","['1', '2', '3', '4']","1. Stimme voll und ganz zu
2. Stimme zu
3. Stimme nicht zu
4. Stimme überhaupt nicht zu",Opinion-Dependent,"{'1': '12.34%', '2': '23.45%', '3': '34.23%', '4': '30.00%'}"
Q30,Eine Hochschulausbildung ist für Jungen wichtiger als für Mädchen.,"['Stimme voll und ganz zu', 'Stimme zu', 'Stimme nicht zu', 'Stimme überhaupt nicht zu']","['1', '2', '3', '4']","1. Stimme voll und ganz zu
2. Stimme zu
3. Stimme nicht zu
4. Stimme überhaupt nicht zu",Opinion-Dependent,"{'1': '5.23%', '2': '12.45%', '3': '34.12%', '4': '48.20%'}"
Q31,Insgesamt sind Männer bessere Führungskräfte in der Wirtschaft als Frauen.,"['Stimme voll und ganz zu', 'Stimme zu', 'Stimme nicht zu', 'Stimme überhaupt nicht zu']","['1', '2', '3', '4']","1. Stimme voll und ganz zu
2. Stimme zu
3. Stimme nicht zu
4. Stimme überhaupt nicht zu",Opinion-Dependent,"{'1': '12.34%', '2': '23.45%', '3': '34.23%', '4': '30.00%'}"
Q32,Eine Hausfrau zu sein ist genauso erfüllend wie eine bezahlte Arbeit.,"['Stimme voll und ganz zu', 'Stimme zu', 'Stimme nicht zu', 'Stimme überhaupt nicht zu']","['1', '2', '3', '4']","1. Stimme voll und ganz zu
2. Stimme zu
3. Stimme nicht zu
4. Stimme überhaupt nicht zu",Opinion-Dependent,"{'1': '25.00%', '2': '35.00%', '3': '25.00%', '4': '15.00%'}"
Q33,"Wenn die Arbeitsplätze knapp sind, haben Männer eher ein Recht auf Arbeit als Frauen.","['Stimme voll und ganz zu', 'Stimme zu', 'Weder noch', 'Stimme nicht zu', 'Stimme überhaupt nicht zu']","['1', '2', '3', '4', '5']","1. Stimme voll und ganz zu
2. Stimme zu
3. Weder noch
4. Stimme nicht zu
5. Stimme überhaupt nicht zu",Opinion-Dependent,"{'1': '12.34%', '2': '23.45%', '3': '28.76%', '4': '21.34%', '5': '14.11%'}"
Q34,"Wenn die Arbeitsplätze knapp sind, sollten die Arbeitgeber Deutsche gegenüber Ausländern vorziehen.","['Stimme voll und ganz zu', 'Stimme zu', 'Weder noch', 'Stimme nicht zu', 'Stimme überhaupt nicht zu']","['1', '2', '3', '4', '5']","1. Stimme voll und ganz zu
2. Stimme zu
3. Weder noch
4. Stimme nicht zu
5. Stimme überhaupt nicht zu",Opinion-Dependent,"{'1': '12.34%', '2': '23.45%', '3': '25.67%', '4': '21.56%', '5': '16.98%'}"
Q35,"Wenn eine Frau mehr Geld verdient als ihr Mann, führt das fast zwangsläufig zu Problemen.","['Stimme voll und ganz zu', 'Stimme zu', 'Weder noch', 'Stimme nicht zu', 'Stimme überhaupt nicht zu']","['1', '2', '3', '4', '5']","1. Stimme voll und ganz zu
2. Stimme zu
3. Weder noch
4. Stimme nicht zu
5. Stimme überhaupt nicht zu",Opinion-Dependent,"{'1': '5.23%', '2': '14.56%', '3': '28.12%', '4': '32.89%', '5': '19.20%'}"
Q36,Gleichgeschlechtliche Paare sind genauso gute Eltern wie andere Paare.,"['Stimme voll und ganz zu', 'Stimme zu', 'Weder noch', 'Stimme nicht zu', 'Stimme überhaupt nicht zu']","['1', '2', '3', '4', '5']","1. Stimme voll und ganz zu
2. Stimme zu
3. Weder noch
4. Stimme nicht zu
5. Stimme überhaupt nicht zu",Opinion-Dependent,"{'1': '25.00%', '2': '35.00%', '3': '20.00%', '4': '15.00%', '5': '5.00%'}"
Q37,Kinder zu haben ist eine Pflicht gegenüber der Gesellschaft.,"['Stimme voll und ganz zu', 'Stimme zu', 'Weder noch', 'Stimme nicht zu', 'Stimme überhaupt nicht zu']","['1', '2', '3', '4', '5']","1. Stimme voll und ganz zu
2. Stimme zu
3. Weder noch
4. Stimme nicht zu
5. Stimme überhaupt nicht zu",Opinion-Dependent,"{'1': '10.23%', '2': '15.45%', '3': '25.32%', '4': '27.88%', '5': '21.12%'}"
Q38,"Erwachsene Kinder haben die Pflicht, für die Betreuung und Pflege ihrer Eltern im Alter zu sorgen.","['Stimme voll und ganz zu', 'Stimme zu', 'Weder noch', 'Stimme nicht zu', 'Stimme überhaupt nicht zu']","['1', '2', '3', '4', '5']","1. Stimme voll und ganz zu
2. Stimme zu
3. Weder noch
4. Stimme nicht zu
5. Stimme überhaupt nicht zu",Opinion-Dependent,"{'1': '15.00%', '2': '35.00%', '3': '25.00%', '4': '15.00%', '5': '10.00%'}"
Q39,"Menschen, die nicht arbeiten, werden faul.","['Stimme voll und ganz zu', 'Stimme zu', 'Weder noch', 'Stimme nicht zu', 'Stimme überhaupt nicht zu']","['1', '2', '3', '4', '5']","1. Stimme voll und ganz zu
2. Stimme zu
3. Weder noch
4. Stimme nicht zu
5. Stimme überhaupt nicht zu",Opinion-Dependent,"{'1': '15.00%', '2': '25.00%', '3': '20.00%', '4': '25.00%', '5': '15.00%'}"
Q40,Arbeit ist eine Verpflichtung gegenüber der Gesellschaft.,"['Stimme voll und ganz zu', 'Stimme zu', 'Weder noch', 'Stimme nicht zu', 'Stimme überhaupt nicht zu']","['1', '2', '3', '4', '5']","1. Stimme voll und ganz zu
2. Stimme zu
3. Weder noch
4. Stimme nicht zu
5. Stimme überhaupt nicht zu",Opinion-Dependent,"{'1': '20.00%', '2': '25.00%', '3': '20.00%', '4': '20.00%', '5': '15.00%'}"
Q41,"Die Arbeit sollte immer an erster Stelle stehen, auch wenn das weniger Freizeit bedeutet.","['Stimme voll und ganz zu', 'Stimme zu', 'Weder noch', 'Stimme nicht zu', 'Stimme überhaupt nicht zu']","['1', '2', '3', '4', '5']","1. Stimme voll und ganz zu
2. Stimme zu
3. Weder noch
4. Stimme nicht zu
5. Stimme überhaupt nicht zu",Opinion-Dependent,"{'1': '15.00%', '2': '25.00%', '3': '20.00%', '4': '25.00%', '5': '15.00%'}"
Q42,"Hier sind drei Grundhaltungen, die in unserer Gesellschaft zu finden sind. Bitte wählen Sie diejenige, die Ihrer Meinung am nächsten kommt.","['Unser gesellschaftliches System muss insgesamt durch einen radikalen Umsturz verändert werden.', 'Unser gesellschaftliches System muss durch Reformen Schritt für Schritt verbessert werden.', 'Unser derzeitiges gesellschaftliches System muss entschlossen vor jeglichen aufrührerischen Kräften geschützt werden.']","['1', '2', '3']","1. Unser gesellschaftliches System muss insgesamt durch einen radikalen Umsturz verändert werden.
2. Unser gesellschaftliches System muss durch Reformen Schritt für Schritt verbessert werden.
3. Unser derzeitiges gesellschaftliches System muss entschlossen vor jeglichen aufrührerischen Kräften geschützt werden.",Opinion-Dependent,"{'1': '20.00%', '2': '60.00%', '3': '20.00%'}"
Q43,Die Arbeit in unserem Leben weniger wichtig nehmen,"['Begrüße ich', 'Ist mir egal', 'Lehne ich ab']","['1', '2', '3']","1. Begrüße ich
2. Ist mir egal
3. Lehne ich ab",Opinion-Dependent,"{'1': '35.00%', '2': '30.00%', '3': '35.00%'}"
Q44,Mehr für den technischen Fortschritt tun,"['Begrüße ich', 'Ist mir egal', 'Lehne ich ab']","['1', '2', '3']","1. Begrüße ich
2. Ist mir egal
3. Lehne ich ab",Opinion-Dependent,"{'1': '55.00%', '2': '25.00%', '3': '20.00%'}"
Q45,Mehr Respekt vor Autoritäten,"['Begrüße ich', 'Ist mir egal', 'Lehne ich ab']","['1', '2', '3']","1. Begrüße ich
2. Ist mir egal
3. Lehne ich ab",Opinion-Dependent,"{'1': '25.00%', '2': '45.00%', '3': '30.00%'}"
Q46,"Ganz allgemein, würden Sie sagen, Sie sind zurzeit:","['Sehr glücklich', 'Ziemlich glücklich', 'Nicht sehr glücklich', 'Überhaupt nicht glücklich']","['1', '2', '3', '4']","1. Sehr glücklich
2. Ziemlich glücklich
3. Nicht sehr glücklich
4. Überhaupt nicht glücklich",Opinion-Dependent,"{'1': '20.00%', '2': '55.00%', '3': '20.00%', '4': '5.00%'}"
Q48,"Wieviel Entscheidungsfreiheit und Einfluss haben Sie nach Ihrem Empfinden darauf, wie Ihr weiteres Leben abläuft? 1 bedeutet „überhaupt keine Freiheit“ und 10 bedeutet „Völlige Freiheit“.","['1', '2', '3', '4', '5', '6', '7', '8', '9', '10']","['1', '2', '3', '4', '5', '6', '7', '8', '9', '10']","1. 1
2. 2
3. 3
4. 4
5. 5
6. 6
7. 7
8. 8
9. 9
10. 10",Opinion-Dependent,"{'1': '2.18%', '2': '3.56%', '3': '5.24%', '4': '7.32%', '5': '10.45%', '6': '14.63%', '7': '18.57%', '8': '19.21%', '9': '12.84%', '10': '6.00%'}"
Q57,"Würden Sie ganz allgemein sagen, dass man den meisten Menschen vertrauen kann, oder dass man im Umgang mit Menschen nicht vorsichtig genug sein kann?","['Man kann den meisten vertrauen.', 'Man kann nicht vorsichtig genug sein.']","['1', '2']","1. Man kann den meisten vertrauen.
2. Man kann nicht vorsichtig genug sein.",Opinion-Dependent,"{'1': '45.67%', '2': '54.33%'}"
Q58,Wie sehr vertrauen Sie Ihrer Familie?,"['Vertraue völlig', 'Vertraue ziemlich', 'Vertraue kaum', 'Vertraue gar nicht']","['1', '2', '3', '4']","1. Vertraue völlig
2. Vertraue ziemlich
3. Vertraue kaum
4. Vertraue gar nicht",Opinion-Dependent,"{'1': '65.21%', '2': '27.34%', '3': '5.12%', '4': '2.33%'}"
Q59,Wie sehr vertrauen Sie Menschen in Ihrer Nachbarschaft?,"['Vertraue völlig', 'Vertraue ziemlich', 'Vertraue kaum', 'Vertraue gar nicht']","['1', '2', '3', '4']","1. Vertraue völlig
2. Vertraue ziemlich
3. Vertraue kaum
4. Vertraue gar nicht",Opinion-Dependent,"{'1': '25.00%', '2': '50.00%', '3': '15.00%', '4': '10.00%'}"
Q60,"Wie sehr vertrauen Sie Menschen, die Sie persönlich kennen?","['Vertraue völlig', 'Vertraue ziemlich', 'Vertraue kaum', 'Vertraue gar nicht']","['1', '2', '3', '4']","1. Vertraue völlig
2. Vertraue ziemlich
3. Vertraue kaum
4. Vertraue gar nicht",Opinion-Dependent,"{'1': '35.00%', '2': '45.00%', '3': '15.00%', '4': '5.00%'}"
Q61,"Wie sehr vertrauen Sie Menschen, denen Sie zum ersten Mal begegnen?","['Vertraue völlig', 'Vertraue ziemlich', 'Vertraue kaum', 'Vertraue gar nicht']","['1', '2', '3', '4']","1. Vertraue völlig
2. Vertraue ziemlich
3. Vertraue kaum
4. Vertraue gar nicht",Opinion-Dependent,"{'1': '10.23%', '2': '25.47%', '3': '34.85%', '4': '29.45%'}"
Q62,Wie sehr vertrauen Sie Menschen anderer Religion?,"['Vertraue völlig', 'Vertraue ziemlich', 'Vertraue kaum', 'Vertraue gar nicht']","['1', '2', '3', '4']","1. Vertraue völlig
2. Vertraue ziemlich
3. Vertraue kaum
4. Vertraue gar nicht",Opinion-Dependent,"{'1': '15.00%', '2': '35.00%', '3': '30.00%', '4': '20.00%'}"
Q63,Wie sehr vertrauen Sie Menschen anderer Nationalität?,"['Vertraue völlig', 'Vertraue ziemlich', 'Vertraue kaum', 'Vertraue gar nicht']","['1', '2', '3', '4']","1. Vertraue völlig
2. Vertraue ziemlich
3. Vertraue kaum
4. Vertraue gar nicht",Opinion-Dependent,"{'1': '15.00%', '2': '40.00%', '3': '30.00%', '4': '15.00%'}"
Q65,Wie viel Vertrauen haben Sie in die Bundeswehr?,"['Sehr viel Vertrauen', 'Ziemlich viel Vertrauen', 'Wenig Vertrauen', 'Überhaupt kein Vertrauen']","['1', '2', '3', '4']","1. Sehr viel Vertrauen
2. Ziemlich viel Vertrauen
3. Wenig Vertrauen
4. Überhaupt kein Vertrauen",Opinion-Dependent,"{'1': '25.00%', '2': '40.00%', '3': '20.00%', '4': '15.00%'}"
Q66,Wie viel Vertrauen haben Sie in die Presse und das Zeitungswesen?,"['Sehr viel Vertrauen', 'Ziemlich viel Vertrauen', 'Wenig Vertrauen', 'Überhaupt kein Vertrauen']","['1', '2', '3', '4']","1. Sehr viel Vertrauen
2. Ziemlich viel Vertrauen
3. Wenig Vertrauen
4. Überhaupt kein Vertrauen",Opinion-Dependent,"{'1': '15.00%', '2': '25.00%', '3': '35.00%', '4': '25.00%'}"
Q67,Wie viel Vertrauen haben Sie in Fernsehsender?,"['Sehr viel Vertrauen', 'Ziemlich viel Vertrauen', 'Wenig Vertrauen', 'Überhaupt kein Vertrauen']","['1', '2', '3', '4']","1. Sehr viel Vertrauen
2. Ziemlich viel Vertrauen
3. Wenig Vertrauen
4. Überhaupt kein Vertrauen",Opinion-Dependent,"{'1': '15.00%', '2': '35.00%', '3': '30.00%', '4': '20.00%'}"
Q68,Wie viel Vertrauen haben Sie in die Gewerkschaften?,"['Sehr viel Vertrauen', 'Ziemlich viel Vertrauen', 'Wenig Vertrauen', 'Überhaupt kein Vertrauen']","['1', '2', '3', '4']","1. Sehr viel Vertrauen
2. Ziemlich viel Vertrauen
3. Wenig Vertrauen
4. Überhaupt kein Vertrauen",Opinion-Dependent,"{'1': '25.00%', '2': '35.00%', '3': '25.00%', '4': '15.00%'}"
Q69,Wie viel Vertrauen haben Sie in die Polizei?,"['Sehr viel Vertrauen', 'Ziemlich viel Vertrauen', 'Wenig Vertrauen', 'Überhaupt kein Vertrauen']","['1', '2', '3', '4']","1. Sehr viel Vertrauen
2. Ziemlich viel Vertrauen
3. Wenig Vertrauen
4. Überhaupt kein Vertrauen",Opinion-Dependent,"{'1': '35.21%', '2': '42.57%', '3': '15.69%', '4': '6.53%'}"
Q70,Wie viel Vertrauen haben Sie in Gerichte?,"['Sehr viel Vertrauen', 'Ziemlich viel Vertrauen', 'Wenig Vertrauen', 'Überhaupt kein Vertrauen']","['1', '2', '3', '4']","1. Sehr viel Vertrauen
2. Ziemlich viel Vertrauen
3. Wenig Vertrauen
4. Überhaupt kein Vertrauen",Opinion-Dependent,"{'1': '25.00%', '2': '35.00%', '3': '25.00%', '4': '15.00%'}"
Q71,Wie viel Vertrauen haben Sie in die Regierung?,"['Sehr viel Vertrauen', 'Ziemlich viel Vertrauen', 'Wenig Vertrauen', 'Überhaupt kein Vertrauen']","['1', '2', '3', '4']","1. Sehr viel Vertrauen
2. Ziemlich viel Vertrauen
3. Wenig Vertrauen
4. Überhaupt kein Vertrauen",Opinion-Dependent,"{'1': '15.00%', '2': '25.00%', '3': '35.00%', '4': '25.00%'}"
Q72,Wie viel Vertrauen haben Sie in die politischen Parteien?,"['Sehr viel Vertrauen', 'Ziemlich viel Vertrauen', 'Wenig Vertrauen', 'Überhaupt kein Vertrauen']","['1', '2', '3', '4']","1. Sehr viel Vertrauen
2. Ziemlich viel Vertrauen
3. Wenig Vertrauen
4. Überhaupt kein Vertrauen",Opinion-Dependent,"{'1': '12.34%', '2': '23.45%', '3': '34.56%', '4': '29.65%'}"
Q73,Wie viel Vertrauen haben Sie in den Bundestag?,"['Sehr viel Vertrauen', 'Ziemlich viel Vertrauen', 'Wenig Vertrauen', 'Überhaupt kein Vertrauen']","['1', '2', '3', '4']","1. Sehr viel Vertrauen
2. Ziemlich viel Vertrauen
3. Wenig Vertrauen
4. Überhaupt kein Vertrauen",Opinion-Dependent,"{'1': '15.00%', '2': '35.00%', '3': '30.00%', '4': '20.00%'}"
Q74,Wie viel Vertrauen haben Sie in die öffentliche Verwaltung?,"['Sehr viel Vertrauen', 'Ziemlich viel Vertrauen', 'Wenig Vertrauen', 'Überhaupt kein Vertrauen']","['1', '2', '3', '4']","1. Sehr viel Vertrauen
2. Ziemlich viel Vertrauen
3. Wenig Vertrauen
4. Überhaupt kein Vertrauen",Opinion-Dependent,"{'1': '20.00%', '2': '35.00%', '3': '25.00%', '4': '20.00%'}"
Q75,Wie viel Vertrauen haben Sie in Universitäten?,"['Sehr viel Vertrauen', 'Ziemlich viel Vertrauen', 'Wenig Vertrauen', 'Überhaupt kein Vertrauen']","['1', '2', '3', '4']","1. Sehr viel Vertrauen
2. Ziemlich viel Vertrauen
3. Wenig Vertrauen
4. Überhaupt kein Vertrauen",Opinion-Dependent,"{'1': '35.21%', '2': '42.57%', '3': '15.64%', '4': '6.58%'}"
Q76,Wie viel Vertrauen haben Sie in Wahlen?,"['Sehr viel Vertrauen', 'Ziemlich viel Vertrauen', 'Wenig Vertrauen', 'Überhaupt kein Vertrauen']","['1', '2', '3', '4']","1. Sehr viel Vertrauen
2. Ziemlich viel Vertrauen
3. Wenig Vertrauen
4. Überhaupt kein Vertrauen",Opinion-Dependent,"{'1': '25.00%', '2': '35.00%', '3': '25.00%', '4': '15.00%'}"
Q77,Wie viel Vertrauen haben Sie in große Wirtschaftsunternehmen?,"['Sehr viel Vertrauen', 'Ziemlich viel Vertrauen', 'Wenig Vertrauen', 'Überhaupt kein Vertrauen']","['1', '2', '3', '4']","1. Sehr viel Vertrauen
2. Ziemlich viel Vertrauen
3. Wenig Vertrauen
4. Überhaupt kein Vertrauen",Opinion-Dependent,"{'1': '12.34%', '2': '23.45%', '3': '34.56%', '4': '29.65%'}"
Q78,Wie viel Vertrauen haben Sie in Banken?,"['Sehr viel Vertrauen', 'Ziemlich viel Vertrauen', 'Wenig Vertrauen', 'Überhaupt kein Vertrauen']","['1', '2', '3', '4']","1. Sehr viel Vertrauen
2. Ziemlich viel Vertrauen
3. Wenig Vertrauen
4. Überhaupt kein Vertrauen",Opinion-Dependent,"{'1': '15.00%', '2': '35.00%', '3': '30.00%', '4': '20.00%'}"
Q79,Wie viel Vertrauen haben Sie in Umweltschutzorganisationen?,"['Sehr viel Vertrauen', 'Ziemlich viel Vertrauen', 'Wenig Vertrauen', 'Überhaupt kein Vertrauen']","['1', '2', '3', '4']","1. Sehr viel Vertrauen
2. Ziemlich viel Vertrauen
3. Wenig Vertrauen
4. Überhaupt kein Vertrauen",Opinion-Dependent,"{'1': '30.00%', '2': '40.00%', '3': '20.00%', '4': '10.00%'}"
Q80,Wie viel Vertrauen haben Sie in Frauenorganisationen?,"['Sehr viel Vertrauen', 'Ziemlich viel Vertrauen', 'Wenig Vertrauen', 'Überhaupt kein Vertrauen']","['1', '2', '3', '4']","1. Sehr viel Vertrauen
2. Ziemlich viel Vertrauen
3. Wenig Vertrauen
4. Überhaupt kein Vertrauen",Opinion-Dependent,"{'1': '25.00%', '2': '40.00%', '3': '20.00%', '4': '15.00%'}"
Q81,Wie viel Vertrauen haben Sie in wohltätige oder humanitäre Organisationen?,"['Sehr viel Vertrauen', 'Ziemlich viel Vertrauen', 'Wenig Vertrauen', 'Überhaupt kein Vertrauen']","['1', '2', '3', '4']","1. Sehr viel Vertrauen
2. Ziemlich viel Vertrauen
3. Wenig Vertrauen
4. Überhaupt kein Vertrauen",Opinion-Dependent,"{'1': '25.00%', '2': '40.00%', '3': '20.00%', '4': '15.00%'}"
Q83,Wie viel Vertrauen haben Sie in die Vereinten Nationen (UNO)?,"['Sehr viel Vertrauen', 'Ziemlich viel Vertrauen', 'Wenig Vertrauen', 'Überhaupt kein Vertrauen']","['1', '2', '3', '4']","1. Sehr viel Vertrauen
2. Ziemlich viel Vertrauen
3. Wenig Vertrauen
4. Überhaupt kein Vertrauen",Opinion-Dependent,"{'1': '25.00%', '2': '35.00%', '3': '25.00%', '4': '15.00%'}"
Q84,Wie viel Vertrauen haben Sie in den Internationalen Währungsfonds (IWF)?,"['Sehr viel Vertrauen', 'Ziemlich viel Vertrauen', 'Wenig Vertrauen', 'Überhaupt kein Vertrauen']","['1', '2', '3', '4']","1. Sehr viel Vertrauen
2. Ziemlich viel Vertrauen
3. Wenig Vertrauen
4. Überhaupt kein Vertrauen",Opinion-Dependent,"{'1': '15.00%', '2': '25.00%', '3': '35.00%', '4': '25.00%'}"
Q85,Wie viel Vertrauen haben Sie in den Internationalen Gerichtshof (ICC)?,"['Sehr viel Vertrauen', 'Ziemlich viel Vertrauen', 'Wenig Vertrauen', 'Überhaupt kein Vertrauen']","['1', '2', '3', '4']","1. Sehr viel Vertrauen
2. Ziemlich viel Vertrauen
3. Wenig Vertrauen
4. Überhaupt kein Vertrauen",Opinion-Dependent,"{'1': '20.50%', '2': '35.00%', '3': '25.50%', '4': '19.00%'}"
Q86,Wie viel Vertrauen haben Sie in das Nordatlantische Bündnis (NATO)?,"['Sehr viel Vertrauen', 'Ziemlich viel Vertrauen', 'Wenig Vertrauen', 'Überhaupt kein Vertrauen']","['1', '2', '3', '4']","1. Sehr viel Vertrauen
2. Ziemlich viel Vertrauen
3. Wenig Vertrauen
4. Überhaupt kein Vertrauen",Opinion-Dependent,"{'1': '25.00%', '2': '35.00%', '3': '25.00%', '4': '15.00%'}"
Q87,Wie viel Vertrauen haben Sie in die Weltbank?,"['Sehr viel Vertrauen', 'Ziemlich viel Vertrauen', 'Wenig Vertrauen', 'Überhaupt kein Vertrauen']","['1', '2', '3', '4']","1. Sehr viel Vertrauen
2. Ziemlich viel Vertrauen
3. Wenig Vertrauen
4. Überhaupt kein Vertrauen",Opinion-Dependent,"{'1': '15.00%', '2': '25.00%', '3': '35.00%', '4': '25.00%'}"
Q88,Wie viel Vertrauen haben Sie in die Weltgesundheitsorganisation (WHO)?,"['Sehr viel Vertrauen', 'Ziemlich viel Vertrauen', 'Wenig Vertrauen', 'Überhaupt kein Vertrauen']","['1', '2', '3', '4']","1. Sehr viel Vertrauen
2. Ziemlich viel Vertrauen
3. Wenig Vertrauen
4. Überhaupt kein Vertrauen",Opinion-Dependent,"{'1': '25.00%', '2': '40.00%', '3': '20.00%', '4': '15.00%'}"
Q89,Wie viel Vertrauen haben Sie in die Welthandelsorganisation (WTO)?,"['Sehr viel Vertrauen', 'Ziemlich viel Vertrauen', 'Wenig Vertrauen', 'Überhaupt kein Vertrauen']","['1', '2', '3', '4']","1. Sehr viel Vertrauen
2. Ziemlich viel Vertrauen
3. Wenig Vertrauen
4. Überhaupt kein Vertrauen",Opinion-Dependent,"{'1': '12.34%', '2': '23.45%', '3': '34.56%', '4': '29.65%'}"
Q90,"Was sollte Ihrer Meinung nach bei internationalen Organisationen wichtiger sein: eine wirksame oder eine demokratische Arbeitsweise? Wenn Ihre Meinung irgendwo dazwischen liegt, wählen Sie eine entsprechende Zahl. 1 bedeutet „Wirksame Arbeitsweise“ und 10 bedeutet „Demokratische Arbeitsweise“.","['1', '2', '3', '4', '5', '6', '7', '8', '9', '10']","['1', '2', '3', '4', '5', '6', '7', '8', '9', '10']","1. 1
2. 2
3. 3
4. 4
5. 5
6. 6
7. 7
8. 8
9. 9
10. 10",Opinion-Dependent,"{'1': '15.00%', '2': '10.00%', '3': '12.00%', '4': '14.00%', '5': '16.00%', '6': '12.00%', '7': '8.00%', '8': '5.00%', '9': '4.00%', '10': '4.00%'}"
Q91,Fünf Länder haben einen ständigen Sitz im Sicherheitsrat der Vereinten Nationen. Welches der folgenden Länder ist kein ständiges Mitglied?,"['Frankreich', 'China', 'Indien']","['1', '2', '3']","1. Frankreich
2. China
3. Indien",Objective-Dependent,"{'1': '20.00%', '2': '20.00%', '3': '60.00%'}"
Q92,Wo befindet sich der Hauptsitz des Internationalen Währungsfonds (IWF)?,"['Washington DC', 'London', 'Genf']","['1', '2', '3']","1. Washington DC
2. London
3. Genf",Objective-Dependent,"{'1': '72.34%', '2': '13.21%', '3': '14.45%'}"
Q93,Um welches der folgenden Probleme kümmert sich die Organisation Amnesty International?,"['Klimawandel', 'Menschenrechtsverletzungen', 'Zerstörung historischer Baudenkmäler']","['1', '2', '3']","1. Klimawandel
2. Menschenrechtsverletzungen
3. Zerstörung historischer Baudenkmäler",Objective-Dependent,"{'1': '15.00%', '2': '70.00%', '3': '15.00%'}"
Q106,"Wie stehen Sie zur Aussage: 'Einkommen sollten stärker aneinander angeglichen werden' im Vergleich zu 'Es sollte größere Anreize für persönliche Leistung geben'? (1 bedeutet vollständige Zustimmung zur ersten Aussage, 10 bedeutet vollständige Zustimmung zur zweiten Aussage.)","['1', '2', '3', '4', '5', '6', '7', '8', '9', '10']","['1', '2', '3', '4', '5', '6', '7', '8', '9', '10']","1. 1
2. 2
3. 3
4. 4
5. 5
6. 6
7. 7
8. 8
9. 9
10. 10",Opinion-Dependent,"{'1': '12.34%', '2': '15.67%', '3': '18.90%', '4': '14.56%', '5': '10.23%', '6': '8.76%', '7': '7.45%', '8': '6.32%', '9': '4.12%', '10': '2.01%'}"
Q107,"Wie stehen Sie zur Aussage: 'Mehr staatliche Unternehmen sollten privatisiert werden' im Vergleich zu 'Mehr private Unternehmen sollten verstaatlicht werden'? (1 bedeutet vollständige Zustimmung zur ersten Aussage, 10 bedeutet vollständige Zustimmung zur zweiten Aussage.)","['1', '2', '3', '4', '5', '6', '7', '8', '9', '10']","['1', '2', '3', '4', '5', '6', '7', '8', '9', '10']","1. 1
2. 2
3. 3
4. 4
5. 5
6. 6
7. 7
8. 8
9. 9
10. 10",Opinion-Dependent,"{'1': '15.00%', '2': '12.00%', '3': '18.00%', '4': '10.00%', '5': '12.00%', '6': '8.00%', '7': '7.00%', '8': '6.00%', '9': '5.00%', '10': '7.00%'}"
Q108,"Wie stehen Sie zur Aussage: 'Der Staat sollte mehr Verantwortung dafür übernehmen, dass jeder Einzelne abgesichert ist' im Vergleich zu 'Jeder Einzelne sollte mehr Verantwortung für sich selbst übernehmen'? (1 bedeutet vollständige Zustimmung zur ersten Aussage, 10 bedeutet vollständige Zustimmung zur zweiten Aussage.)","['1', '2', '3', '4', '5', '6', '7', '8', '9', '10']","['1', '2', '3', '4', '5', '6', '7', '8', '9', '10']","1. 1
2. 2
3. 3
4. 4
5. 5
6. 6
7. 7
8. 8
9. 9
10. 10",Opinion-Dependent,"{'1': '15.23%', '2': '12.45%', '3': '14.32%', '4': '13.54%', '5': '12.12%', '6': '10.23%', '7': '8.34%', '8': '6.45%', '9': '4.84%', '10': '2.48%'}"
Q109,"Wie bewerten Sie folgende Aussage: 'Wettbewerb ist gut' im Vergleich zu 'Wettbewerb ist schädlich'? (1 bedeutet vollständige Zustimmung zur ersten Aussage, 10 bedeutet vollständige Zustimmung zur zweiten Aussage.)","['1', '2', '3', '4', '5', '6', '7', '8', '9', '10']","['1', '2', '3', '4', '5', '6', '7', '8', '9', '10']","1. 1
2. 2
3. 3
4. 4
5. 5
6. 6
7. 7
8. 8
9. 9
10. 10",Opinion-Dependent,"{'1': '15.00%', '2': '12.00%', '3': '18.00%', '4': '10.00%', '5': '12.00%', '6': '8.00%', '7': '7.00%', '8': '6.00%', '9': '5.00%', '10': '7.00%'}"
Q110,"Wie stehen Sie zur Aussage: 'Auf lange Sicht zahlt sich harte Arbeit aus' im Vergleich zu 'Harte Arbeit zahlt sich nicht immer aus. Erfolg ist mehr eine Frage des Glücks und guter Kontakte'? (1 bedeutet vollständige Zustimmung zur ersten Aussage, 10 bedeutet vollständige Zustimmung zur zweiten Aussage.)","['1', '2', '3', '4', '5', '6', '7', '8', '9', '10']","['1', '2', '3', '4', '5', '6', '7', '8', '9', '10']","1. 1
2. 2
3. 3
4. 4
5. 5
6. 6
7. 7
8. 8
9. 9
10. 10",Opinion-Dependent,"{'1': '15.00%', '2': '12.00%', '3': '18.00%', '4': '10.00%', '5': '12.00%', '6': '8.00%', '7': '7.00%', '8': '6.00%', '9': '5.00%', '10': '7.00%'}"
Q111,"Welche dieser beiden Aussagen kommt Ihrer eigenen Meinung näher, wenn es um den Umgang mit Umweltschutz und Wirtschaftswachstum geht?","['Dem Umweltschutz sollte Vorrang eingeräumt werden, auch wenn dadurch das Wirtschaftswachstum sinkt und Arbeitsplätze verloren gehen.', 'Dem Wirtschaftswachstum und der Schaffung von Arbeitsplätzen sollte Vorrang eingeräumt werden, selbst wenn darunter die Umwelt etwas leidet.', 'Andere Antwort (NICHT VORLESEN! Nur kodieren, wenn Zielperson von sich aus so antwortet.)']","['1', '2', '3']","1. Dem Umweltschutz sollte Vorrang eingeräumt werden, auch wenn dadurch das Wirtschaftswachstum sinkt und Arbeitsplätze verloren gehen.
2. Dem Wirtschaftswachstum und der Schaffung von Arbeitsplätzen sollte Vorrang eingeräumt werden, selbst wenn darunter die Umwelt etwas leidet.
3. Andere Antwort (NICHT VORLESEN! Nur kodieren, wenn Zielperson von sich aus so antwortet.)",Opinion-Dependent,"{'1': '45.00%', '2': '40.00%', '3': '15.00%'}"
Q112,"Jetzt möchte ich Sie nach Ihrer Meinung zur Korruption fragen – wenn man andere Menschen mit Geld besticht, sie beschenkt oder ihnen Gefälligkeiten erweist, damit sie tun, was man braucht. Wo würden Sie Deutschland auf einer Skala von 1 bis 10 einordnen? 1 bedeutet 'In Deutschland gibt es keine Korruption' und 10 bedeutet 'In Deutschland gibt es außerordentlich viel Korruption'.","['1', '2', '3', '4', '5', '6', '7', '8', '9', '10']","['1', '2', '3', '4', '5', '6', '7', '8', '9', '10']","1. 1
2. 2
3. 3
4. 4
5. 5
6. 6
7. 7
8. 8
9. 9
10. 10",Culture-Dependent,"{'1': '5.23%', '2': '7.45%', '3': '10.12%', '4': '14.34%', '5': '16.23%', '6': '15.78%', '7': '12.87%', '8': '8.21%', '9': '3.54%', '10': '6.23%'}"
Q113,"Wie verbreitet ist Ihrer Meinung nach Korruption bei staatlichen Behörden? Sagen Sie mir bitte, ob keine, nur wenige, die meisten oder alle ihrer Mitglieder korrupt sind.","['Keine', 'Nur wenige', 'Die meisten', 'Alle']","['1', '2', '3', '4']","1. Keine
2. Nur wenige
3. Die meisten
4. Alle",Opinion-Dependent,"{'1': '10.23%', '2': '45.67%', '3': '32.10%', '4': '12.00%'}"
Q114,"Wie verbreitet ist Ihrer Meinung nach Korruption bei führenden Angestellten in Unternehmen? Sagen Sie mir bitte, ob keine, nur wenige, die meisten oder alle ihrer Mitglieder korrupt sind.","['Keine', 'Nur wenige', 'Die meisten', 'Alle']","['1', '2', '3', '4']","1. Keine
2. Nur wenige
3. Die meisten
4. Alle",Opinion-Dependent,"{'1': '15.00%', '2': '45.00%', '3': '30.00%', '4': '10.00%'}"
Q115,"Wie verbreitet ist Ihrer Meinung nach Korruption bei Behörden in Ihrer Region? Sagen Sie mir bitte, ob keine, nur wenige, die meisten oder alle ihrer Mitglieder korrupt sind.","['Keine', 'Nur wenige', 'Die meisten', 'Alle']","['1', '2', '3', '4']","1. Keine
2. Nur wenige
3. Die meisten
4. Alle",Opinion-Dependent,"{'1': '15.00%', '2': '45.00%', '3': '30.00%', '4': '10.00%'}"
Q116,"Wie verbreitet ist Ihrer Meinung nach Korruption bei öffentlichen Dienstleistern (Polizei, Gerichte, Beamte, Ärzte, Lehrer)? Sagen Sie mir bitte, ob keine, nur wenige, die meisten oder alle ihrer Mitglieder korrupt sind.","['Keine', 'Nur wenige', 'Die meisten', 'Alle']","['1', '2', '3', '4']","1. Keine
2. Nur wenige
3. Die meisten
4. Alle",Opinion-Dependent,"{'1': '15.00%', '2': '55.00%', '3': '25.00%', '4': '5.00%'}"
Q117,"Wie verbreitet ist Ihrer Meinung nach Korruption bei Journalisten und Medien? Sagen Sie mir bitte, ob keine, nur wenige, die meisten oder alle ihrer Mitglieder korrupt sind.","['Keine', 'Nur wenige', 'Die meisten', 'Alle']","['1', '2', '3', '4']","1. Keine
2. Nur wenige
3. Die meisten
4. Alle",Opinion-Dependent,"{'1': '15.00%', '2': '45.00%', '3': '30.00%', '4': '10.00%'}"
Q119,Inwieweit stimmen Sie folgender Aussage zu oder nicht zu: „Frauen sind allgemein weniger bestechlich als Männer“?,"['Stimme voll und ganz zu', 'Stimme zu', 'Stimme nicht zu', 'Stimme überhaupt nicht zu', 'Schwer zu sagen']","['1', '2', '3', '4', '0']","1. Stimme voll und ganz zu
2. Stimme zu
3. Stimme nicht zu
4. Stimme überhaupt nicht zu
0. Schwer zu sagen",Opinion-Dependent,"{'1': '15.00%', '2': '25.00%', '3': '30.00%', '4': '20.00%', '0': '10.00%'}"
Q120,"Wie wahrscheinlich ist es in Deutschland, zur Rechenschaft gezogen zu werden, wenn man als Gegenleistung für öffentliche Dienstleistungen Bestechungsgelder, Geschenke oder Gefälligkeiten annimmt oder sie jemandem zukommen lässt? Bitte verwenden Sie eine Skala von 1 bis 10, wobei 1 „sehr unwahrscheinlich“ und 10 „sehr wahrscheinlich“ bedeutet.","['1', '2', '3', '4', '5', '6', '7', '8', '9', '10']","['1', '2', '3', '4', '5', '6', '7', '8', '9', '10']","1. 1
2. 2
3. 3
4. 4
5. 5
6. 6
7. 7
8. 8
9. 9
10. 10",Culture-Dependent,"{'1': '2.34%', '2': '4.56%', '3': '6.78%', '4': '9.01%', '5': '11.23%', '6': '13.45%', '7': '15.67%', '8': '17.89%', '9': '20.10%', '10': '21.06%'}"
Q121,Wie wirkt sich Ihrer Meinung nach die Zuwanderung von Menschen aus anderen Ländern auf die weitere Entwicklung Deutschlands aus?,"['Sehr positiv', 'Ziemlich positiv', 'Weder positiv, noch negativ', 'Ziemlich negativ', 'Sehr negativ']","['5', '4', '3', '2', '1']","5. Sehr positiv
4. Ziemlich positiv
3. Weder positiv, noch negativ
2. Ziemlich negativ
1. Sehr negativ",Culture-Dependent,"{'5': '15.00%', '4': '25.00%', '3': '30.00%', '2': '20.00%', '1': '10.00%'}"
Q122,Stimmen Sie folgender Aussage zu oder nicht zu: 'Zuwanderung füllt offene Arbeitsplätze.'?,"['Stimme zu', 'Schwer zu sagen', 'Stimme nicht zu']","['2', '1', '0']","2. Stimme zu
1. Schwer zu sagen
0. Stimme nicht zu",Opinion-Dependent,"{'2': '45.00%', '1': '20.00%', '0': '35.00%'}"
Q123,Stimmen Sie folgender Aussage zu oder nicht zu: 'Zuwanderung stärkt kulturelle Vielfalt.'?,"['Stimme zu', 'Schwer zu sagen', 'Stimme nicht zu']","['2', '1', '0']","2. Stimme zu
1. Schwer zu sagen
0. Stimme nicht zu",Opinion-Dependent,"{'2': '55.00%', '1': '20.00%', '0': '25.00%'}"
Q124,Stimmen Sie folgender Aussage zu oder nicht zu: 'Zuwanderung erhöht die Kriminalitätsrate.'?,"['Stimme zu', 'Schwer zu sagen', 'Stimme nicht zu']","['2', '1', '0']","2. Stimme zu
1. Schwer zu sagen
0. Stimme nicht zu",Opinion-Dependent,"{'2': '25.00%', '1': '30.00%', '0': '45.00%'}"
Q125,"Stimmen Sie folgender Aussage zu oder nicht zu: 'Zuwanderung bietet politischen Flüchtlingen Zuflucht, die anderswo verfolgt werden.'?","['Stimme zu', 'Schwer zu sagen', 'Stimme nicht zu']","['2', '1', '0']","2. Stimme zu
1. Schwer zu sagen
0. Stimme nicht zu",Opinion-Dependent,"{'2': '65.43%', '1': '15.21%', '0': '19.36%'}"
Q126,Stimmen Sie folgender Aussage zu oder nicht zu: 'Zuwanderung erhöht die Gefahr von Terroranschlägen.'?,"['Stimme zu', 'Schwer zu sagen', 'Stimme nicht zu']","['2', '1', '0']","2. Stimme zu
1. Schwer zu sagen
0. Stimme nicht zu",Opinion-Dependent,"{'2': '35.45%', '1': '29.55%', '0': '35.00%'}"
Q127,Stimmen Sie folgender Aussage zu oder nicht zu: 'Zuwanderung bietet Menschen aus armen Ländern bessere Lebensbedingungen.'?,"['Stimme zu', 'Schwer zu sagen', 'Stimme nicht zu']","['2', '1', '0']","2. Stimme zu
1. Schwer zu sagen
0. Stimme nicht zu",Opinion-Dependent,"{'2': '65.43%', '1': '15.21%', '0': '19.36%'}"
Q128,Stimmen Sie folgender Aussage zu oder nicht zu: 'Zuwanderung erhöht die Arbeitslosigkeit.'?,"['Stimme zu', 'Schwer zu sagen', 'Stimme nicht zu']","['2', '1', '0']","2. Stimme zu
1. Schwer zu sagen
0. Stimme nicht zu",Opinion-Dependent,"{'2': '35.00%', '1': '20.00%', '0': '45.00%'}"
Q129,Stimmen Sie folgender Aussage zu oder nicht zu: 'Zuwanderung führt zu sozialen Konflikten.'?,"['Stimme zu', 'Schwer zu sagen', 'Stimme nicht zu']","['2', '1', '0']","2. Stimme zu
1. Schwer zu sagen
0. Stimme nicht zu",Opinion-Dependent,"{'2': '45.00%', '1': '10.00%', '0': '45.00%'}"
Q130,"Und was denken Sie, wenn Menschen aus anderen Ländern zu uns kommen, um hier zu arbeiten. Wie sollte sich unsere Regierung verhalten?","['Alle ins Land lassen, die kommen möchten.', 'Menschen kommen lassen, wenn es für sie einen Arbeitsplatz gibt.', 'Die Anzahl von Ausländern, die hierher kommen, strikt beschränken.', 'Die Zuwanderung von Menschen aus dem Ausland verbieten.']","['1', '2', '3', '4']","1. Alle ins Land lassen, die kommen möchten.
2. Menschen kommen lassen, wenn es für sie einen Arbeitsplatz gibt.
3. Die Anzahl von Ausländern, die hierher kommen, strikt beschränken.
4. Die Zuwanderung von Menschen aus dem Ausland verbieten.",Culture-Dependent,"{'1': '15.00%', '2': '45.00%', '3': '30.00%', '4': '10.00%'}"
Q131,"Können Sie mir sagen, wie sicher Sie sich derzeit fühlen?","['Sehr sicher', 'Ziemlich sicher', 'Nicht sehr sicher', 'Überhaupt nicht sicher']","['1', '2', '3', '4']","1. Sehr sicher
2. Ziemlich sicher
3. Nicht sehr sicher
4. Überhaupt nicht sicher",Opinion-Dependent,"{'1': '25.00%', '2': '45.00%', '3': '20.00%', '4': '10.00%'}"
Q142,"Wie sehr sind Sie besorgt, Ihre Arbeit zu verlieren oder keine Arbeit zu finden?","['Sehr besorgt', 'Ziemlich besorgt', 'Nicht sehr besorgt', 'Überhaupt nicht besorgt']","['1', '2', '3', '4']","1. Sehr besorgt
2. Ziemlich besorgt
3. Nicht sehr besorgt
4. Überhaupt nicht besorgt",Opinion-Dependent,"{'1': '25.00%', '2': '35.00%', '3': '25.00%', '4': '15.00%'}"
Q146,"Wie sehr sind Sie bezüglich folgender Situation beunruhigt: Krieg, der auch mein Land betrifft?","['Sehr besorgt', 'Ziemlich besorgt', 'Nicht sehr besorgt', 'Überhaupt nicht besorgt']","['1', '2', '3', '4']","1. Sehr besorgt
2. Ziemlich besorgt
3. Nicht sehr besorgt
4. Überhaupt nicht besorgt",Culture-Dependent,"{'1': '45.23%', '2': '32.14%', '3': '15.67%', '4': '7.96%'}"
Q147,Wie sehr sind Sie bezüglich folgender Situation beunruhigt: Terrorangriffe?,"['Sehr besorgt', 'Ziemlich besorgt', 'Nicht sehr besorgt', 'Überhaupt nicht besorgt']","['1', '2', '3', '4']","1. Sehr besorgt
2. Ziemlich besorgt
3. Nicht sehr besorgt
4. Überhaupt nicht besorgt",Opinion-Dependent,"{'1': '45.23%', '2': '32.14%', '3': '15.67%', '4': '7.96%'}"
Q148,Wie sehr sind Sie bezüglich folgender Situation beunruhigt: Bürgerkrieg?,"['Sehr besorgt', 'Ziemlich besorgt', 'Nicht sehr besorgt', 'Überhaupt nicht besorgt']","['1', '2', '3', '4']","1. Sehr besorgt
2. Ziemlich besorgt
3. Nicht sehr besorgt
4. Überhaupt nicht besorgt",Opinion-Dependent,"{'1': '45.23%', '2': '32.14%', '3': '15.67%', '4': '7.96%'}"
Q149,"Für die meisten Menschen sind Freiheit und Gleichberechtigung wichtig. Wenn Sie wählen müssten, welches von beiden wäre für Sie wichtiger?","['Freiheit', 'Gleichberechtigung']","['1', '2']","1. Freiheit
2. Gleichberechtigung",Opinion-Dependent,"{'1': '45.32%', '2': '54.68%'}"
Q150,"Für die meisten Menschen sind Freiheit und Sicherheit wichtig. Wenn Sie wählen müssten, welches von beiden wäre für Sie wichtiger?","['Freiheit', 'Sicherheit']","['1', '2']","1. Freiheit
2. Sicherheit",Opinion-Dependent,"{'1': '45.67%', '2': '54.33%'}"
Q151,"Wir hoffen natürlich alle, dass es nie mehr einen Krieg gibt. Aber wenn es dazu käme, wären Sie dann bereit, für Ihr Land zu kämpfen?","['Ja', 'Nein']","['1', '2']","1. Ja
2. Nein",Culture-Dependent,"{'1': '45.00%', '2': '55.00%'}"
Q158,"Inwieweit stimmen Sie der Aussage zu, dass Wissenschaft und Technik unser Leben gesünder, leichter und angenehmer machen? Bitte verwenden Sie eine Skala von 1 bis 10, wobei 1 'lehne ich völlig ab' und 10 'ich stimme völlig zu' bedeutet.","['1', '2', '3', '4', '5', '6', '7', '8', '9', '10']","['1', '2', '3', '4', '5', '6', '7', '8', '9', '10']","1. 1
2. 2
3. 3
4. 4
5. 5
6. 6
7. 7
8. 8
9. 9
10. 10",Opinion-Dependent,"{'1': '2.14%', '2': '3.25%', '3': '4.36%', '4': '6.47%', '5': '8.58%', '6': '12.69%', '7': '16.80%', '8': '19.91%', '9': '18.02%', '10': '8.78%'}"
Q159,"Inwieweit stimmen Sie der Aussage zu, dass Wissenschaft und Technik der nächsten Generation mehr Möglichkeiten eröffnen? Bitte verwenden Sie eine Skala von 1 bis 10, wobei 1 'lehne ich völlig ab' und 10 'ich stimme völlig zu' bedeutet.","['1', '2', '3', '4', '5', '6', '7', '8', '9', '10']","['1', '2', '3', '4', '5', '6', '7', '8', '9', '10']","1. 1
2. 2
3. 3
4. 4
5. 5
6. 6
7. 7
8. 8
9. 9
10. 10",Opinion-Dependent,"{'1': '2.18%', '2': '3.51%', '3': '5.26%', '4': '7.49%', '5': '10.33%', '6': '15.12%', '7': '18.21%', '8': '17.64%', '9': '12.87%', '10': '7.39%'}"
Q160,"Inwieweit stimmen Sie der Aussage zu, dass wir zu stark auf die Wissenschaft und nicht genug auf den Glauben vertrauen? Bitte verwenden Sie eine Skala von 1 bis 10, wobei 1 'lehne ich völlig ab' und 10 'ich stimme völlig zu' bedeutet.","['1', '2', '3', '4', '5', '6', '7', '8', '9', '10']","['1', '2', '3', '4', '5', '6', '7', '8', '9', '10']","1. 1
2. 2
3. 3
4. 4
5. 5
6. 6
7. 7
8. 8
9. 9
10. 10",Opinion-Dependent,"{'1': '15.00%', '2': '10.00%', '3': '12.00%', '4': '14.00%', '5': '10.00%', '6': '8.00%', '7': '7.00%', '8': '6.00%', '9': '5.00%', '10': '3.00%'}"
Q161,"Inwieweit stimmen Sie der Aussage zu, dass einer der negativen Effekte von Wissenschaft ist, dass sie das Verständnis der Menschen von moralisch richtig oder falsch durcheinander bringt? Bitte verwenden Sie eine Skala von 1 bis 10, wobei 1 'lehne ich völlig ab' und 10 'ich stimme völlig zu' bedeutet.","['1', '2', '3', '4', '5', '6', '7', '8', '9', '10']","['1', '2', '3', '4', '5', '6', '7', '8', '9', '10']","1. 1
2. 2
3. 3
4. 4
5. 5
6. 6
7. 7
8. 8
9. 9
10. 10",Opinion-Dependent,"{'1': '15.23%', '2': '12.45%', '3': '10.87%', '4': '14.32%', '5': '12.11%', '6': '10.54%', '7': '8.23%', '8': '5.65%', '9': '3.98%', '10': '7.62%'}"
Q162,"Inwieweit stimmen Sie der Aussage zu, dass es nicht wichtig für unser Leben ist, über Wissenschaft Bescheid zu wissen? Bitte verwenden Sie eine Skala von 1 bis 10, wobei 1 'lehne ich völlig ab' und 10 'ich stimme völlig zu' bedeutet.","['1', '2', '3', '4', '5', '6', '7', '8', '9', '10']","['1', '2', '3', '4', '5', '6', '7', '8', '9', '10']","1. 1
2. 2
3. 3
4. 4
5. 5
6. 6
7. 7
8. 8
9. 9
10. 10",Opinion-Dependent,"{'1': '25.31%', '2': '20.45%', '3': '15.67%', '4': '10.23%', '5': '8.99%', '6': '7.12%', '7': '5.34%', '8': '3.88%', '9': '2.11%', '10': '1.30%'}"
Q163,"Alles in allem, würden Sie sagen, dass die Welt aufgrund von Wissenschaft und Technik besser dran ist oder dass sie schlechter dran ist als sie es ohne Wissenschaft und Technik wäre? Bitte zeigen Sie Ihre Meinung auf dieser Skala an, auf der 1 für 'weit schlechter dran' und 10 für 'weit besser dran' steht.","['1', '2', '3', '4', '5', '6', '7', '8', '9', '10']","['1', '2', '3', '4', '5', '6', '7', '8', '9', '10']","1. 1
2. 2
3. 3
4. 4
5. 5
6. 6
7. 7
8. 8
9. 9
10. 10",Opinion-Dependent,"{'1': '2.14%', '2': '4.28%', '3': '6.43%', '4': '8.57%', '5': '10.71%', '6': '12.86%', '7': '15.00%', '8': '17.14%', '9': '19.29%', '10': '20.43%'}"
Q164,"Wie wichtig ist Gott in Ihrem Leben? Bitte benutzen Sie für Ihre Antwort diese Skala: 1 bedeutet 'überhaupt nicht wichtig', 10 bedeutet 'sehr wichtig'.","['1', '2', '3', '4', '5', '6', '7', '8', '9', '10']","['1', '2', '3', '4', '5', '6', '7', '8', '9', '10']","1. 1
2. 2
3. 3
4. 4
5. 5
6. 6
7. 7
8. 8
9. 9
10. 10",Opinion-Dependent,"{'1': '5.23%', '2': '4.12%', '3': '6.34%', '4': '8.45%', '5': '10.21%', '6': '12.37%', '7': '14.53%', '8': '16.44%', '9': '12.31%', '10': '10.00%'}"
Q165,Glauben Sie an Gott?,"['Ja', 'Nein']","['1', '2']","1. Ja
2. Nein",Opinion-Dependent,"{'1': '65.00%', '2': '35.00%'}"
Q166,Glauben Sie an ein Leben nach dem Tod?,"['Ja', 'Nein']","['1', '2']","1. Ja
2. Nein",Opinion-Dependent,"{'1': '55.00%', '2': '45.00%'}"
Q167,Glauben Sie an die Hölle?,"['Ja', 'Nein']","['1', '2']","1. Ja
2. Nein",Opinion-Dependent,"{'1': '45.00%', '2': '55.00%'}"
Q168,Glauben Sie an den Himmel?,"['Ja', 'Nein']","['1', '2']","1. Ja
2. Nein",Opinion-Dependent,"{'1': '55.00%', '2': '45.00%'}"
Q169,"Stimmen Sie folgender Aussage zu: 'Wenn sich Wissenschaft und Religion widersprechen, ist die Religion im Recht'?","['Stimme voll und ganz zu', 'Stimme zu', 'Stimme nicht zu', 'Stimme überhaupt nicht zu']","['1', '2', '3', '4']","1. Stimme voll und ganz zu
2. Stimme zu
3. Stimme nicht zu
4. Stimme überhaupt nicht zu",Opinion-Dependent,"{'1': '15.23%', '2': '28.47%', '3': '32.14%', '4': '24.16%'}"
Q170,Stimmen Sie folgender Aussage zu: 'Die einzige akzeptable Religion ist meine Religion'?,"['Stimme voll und ganz zu', 'Stimme zu', 'Stimme nicht zu', 'Stimme überhaupt nicht zu']","['1', '2', '3', '4']","1. Stimme voll und ganz zu
2. Stimme zu
3. Stimme nicht zu
4. Stimme überhaupt nicht zu",Opinion-Dependent,"{'1': '15.00%', '2': '35.00%', '3': '25.00%', '4': '25.00%'}"
Q173,"Einmal abgesehen davon, ob Sie in die Kirche gehen oder nicht: Würden Sie sagen, Sie sind...","['ein religiöser Mensch', 'kein religiöser Mensch', 'ein überzeugter Atheist']","['1', '2', '3']","1. ein religiöser Mensch
2. kein religiöser Mensch
3. ein überzeugter Atheist",Opinion-Dependent,"{'1': '33.33%', '2': '44.44%', '3': '22.22%'}"
Q174,Welcher der folgenden Aussagen stimmen Sie am meisten zu? Religiosität bedeutet:,"['Bestimmten Werten und Regeln zu folgen.', 'Anderen Menschen Gutes zu tun.']","['1', '2']","1. Bestimmten Werten und Regeln zu folgen.
2. Anderen Menschen Gutes zu tun.",Opinion-Dependent,"{'1': '55.34%', '2': '44.66%'}"
Q175,Und welcher der folgenden Aussagen stimmen Sie am meisten zu? Es ist Zweck der Religion:,"['Dem Leben nach dem Tod Sinn zu geben.', 'Dem Leben auf der Erde einen Sinn zu geben.']","['1', '2']","1. Dem Leben nach dem Tod Sinn zu geben.
2. Dem Leben auf der Erde einen Sinn zu geben.",Opinion-Dependent,"{'1': '45.67%', '2': '54.33%'}"
Q176,"Inwieweit stimmen Sie der Aussage zu: Es ist heutzutage schwer, sich für die richtigen moralischen Regeln zu entscheiden? Bitte verwenden Sie eine Skala von 1 bis 10, wobei 1 'Stimme voll und ganz zu' und 10 'Stimme überhaupt nicht zu' bedeutet.","['1', '2', '3', '4', '5', '6', '7', '8', '9', '10']","['1', '2', '3', '4', '5', '6', '7', '8', '9', '10']","1. 1
2. 2
3. 3
4. 4
5. 5
6. 6
7. 7
8. 8
9. 9
10. 10",Opinion-Dependent,"{'1': '5.23%', '2': '7.45%', '3': '10.12%', '4': '12.34%', '5': '14.56%', '6': '16.78%', '7': '13.90%', '8': '8.21%', '9': '4.37%', '10': '7.04%'}"
Q177,"Wie beurteilen Sie es, staatliche Leistungen in Anspruch zu nehmen, auf die man keinen Anspruch hat? (1 bedeutet ""unter keinen Umständen in Ordnung"", 10 bedeutet ""in jedem Fall in Ordnung"")","['1', '2', '3', '4', '5', '6', '7', '8', '9', '10']","['1', '2', '3', '4', '5', '6', '7', '8', '9', '10']","1. 1
2. 2
3. 3
4. 4
5. 5
6. 6
7. 7
8. 8
9. 9
10. 10",Opinion-Dependent,"{'1': '45.23%', '2': '22.15%', '3': '13.42%', '4': '8.76%', '5': '4.31%', '6': '2.94%', '7': '1.83%', '8': '0.67%', '9': '0.45%', '10': '0.24%'}"
Q178,"Wie beurteilen Sie es, in öffentlichen Verkehrsmitteln kein Fahrgeld zu zahlen (Schwarzfahren)? (1 bedeutet ""unter keinen Umständen in Ordnung"", 10 bedeutet ""in jedem Fall in Ordnung"")","['1', '2', '3', '4', '5', '6', '7', '8', '9', '10']","['1', '2', '3', '4', '5', '6', '7', '8', '9', '10']","1. 1
2. 2
3. 3
4. 4
5. 5
6. 6
7. 7
8. 8
9. 9
10. 10",Opinion-Dependent,"{'1': '35.21%', '2': '22.13%', '3': '15.45%', '4': '10.32%', '5': '6.24%', '6': '4.11%', '7': '2.89%', '8': '1.97%', '9': '1.18%', '10': '0.50%'}"
Q179,"Wie beurteilen Sie Diebstahl? (1 bedeutet ""unter keinen Umständen in Ordnung"", 10 bedeutet ""in jedem Fall in Ordnung"")","['1', '2', '3', '4', '5', '6', '7', '8', '9', '10']","['1', '2', '3', '4', '5', '6', '7', '8', '9', '10']","1. 1
2. 2
3. 3
4. 4
5. 5
6. 6
7. 7
8. 8
9. 9
10. 10",Opinion-Dependent,"{'1': '78.34%', '2': '12.45%', '3': '4.56%', '4': '1.23%', '5': '1.12%', '6': '0.89%', '7': '0.78%', '8': '0.34%', '9': '0.21%', '10': '0.14%'}"
Q180,"Wie beurteilen Sie es, Steuern zu hinterziehen, wenn man die Möglichkeit dazu hat? (1 bedeutet ""unter keinen Umständen in Ordnung"", 10 bedeutet ""in jedem Fall in Ordnung"")","['1', '2', '3', '4', '5', '6', '7', '8', '9', '10']","['1', '2', '3', '4', '5', '6', '7', '8', '9', '10']","1. 1
2. 2
3. 3
4. 4
5. 5
6. 6
7. 7
8. 8
9. 9
10. 10",Opinion-Dependent,"{'1': '45.23%', '2': '22.15%', '3': '13.42%', '4': '8.76%', '5': '4.31%', '6': '2.94%', '7': '1.53%', '8': '0.87%', '9': '0.73%', '10': '0.06%'}"
Q181,"Wie beurteilen Sie es, wenn jemand Schmiergeld für seine Tätigkeiten annimmt? (1 bedeutet ""unter keinen Umständen in Ordnung"", 10 bedeutet ""in jedem Fall in Ordnung"")","['1', '2', '3', '4', '5', '6', '7', '8', '9', '10']","['1', '2', '3', '4', '5', '6', '7', '8', '9', '10']","1. 1
2. 2
3. 3
4. 4
5. 5
6. 6
7. 7
8. 8
9. 9
10. 10",Opinion-Dependent,"{'1': '45.23%', '2': '22.15%', '3': '13.42%', '4': '8.76%', '5': '4.31%', '6': '2.14%', '7': '1.53%', '8': '1.22%', '9': '0.88%', '10': '0.36%'}"
Q182,"Wie beurteilen Sie Homosexualität? (1 bedeutet ""unter keinen Umständen in Ordnung"", 10 bedeutet ""in jedem Fall in Ordnung"")","['1', '2', '3', '4', '5', '6', '7', '8', '9', '10']","['1', '2', '3', '4', '5', '6', '7', '8', '9', '10']","1. 1
2. 2
3. 3
4. 4
5. 5
6. 6
7. 7
8. 8
9. 9
10. 10",Opinion-Dependent,"{'1': '5.23%', '2': '7.45%', '3': '8.67%', '4': '10.12%', '5': '12.34%', '6': '14.56%', '7': '16.78%', '8': '11.90%', '9': '7.01%', '10': '6.94%'}"
Q183,"Wie beurteilen Sie Prostitution? (1 bedeutet ""unter keinen Umständen in Ordnung"", 10 bedeutet ""in jedem Fall in Ordnung"")","['1', '2', '3', '4', '5', '6', '7', '8', '9', '10']","['1', '2', '3', '4', '5', '6', '7', '8', '9', '10']","1. 1
2. 2
3. 3
4. 4
5. 5
6. 6
7. 7
8. 8
9. 9
10. 10",Opinion-Dependent,"{'1': '15.23%', '2': '12.45%', '3': '10.34%', '4': '9.87%', '5': '13.21%', '6': '11.56%', '7': '8.43%', '8': '6.32%', '9': '5.29%', '10': '7.30%'}"
Q184,"Wie beurteilen Sie Abtreibung? (1 bedeutet ""unter keinen Umständen in Ordnung"", 10 bedeutet ""in jedem Fall in Ordnung"")","['1', '2', '3', '4', '5', '6', '7', '8', '9', '10']","['1', '2', '3', '4', '5', '6', '7', '8', '9', '10']","1. 1
2. 2
3. 3
4. 4
5. 5
6. 6
7. 7
8. 8
9. 9
10. 10",Opinion-Dependent,"{'1': '10.23%', '2': '12.45%', '3': '14.56%', '4': '15.34%', '5': '12.12%', '6': '10.98%', '7': '8.76%', '8': '5.67%', '9': '3.45%', '10': '6.44%'}"
Q185,"Wie beurteilen Sie Scheidung? (1 bedeutet ""unter keinen Umständen in Ordnung"", 10 bedeutet ""in jedem Fall in Ordnung"")","['1', '2', '3', '4', '5', '6', '7', '8', '9', '10']","['1', '2', '3', '4', '5', '6', '7', '8', '9', '10']","1. 1
2. 2
3. 3
4. 4
5. 5
6. 6
7. 7
8. 8
9. 9
10. 10",Opinion-Dependent,"{'1': '5.23%', '2': '7.45%', '3': '9.67%', '4': '12.89%', '5': '14.32%', '6': '16.54%', '7': '11.23%', '8': '8.45%', '9': '6.21%', '10': '4.01%'}"
Q186,"Wie beurteilen Sie Sex vor der Ehe? (1 bedeutet ""unter keinen Umständen in Ordnung"", 10 bedeutet ""in jedem Fall in Ordnung"")","['1', '2', '3', '4', '5', '6', '7', '8', '9', '10']","['1', '2', '3', '4', '5', '6', '7', '8', '9', '10']","1. 1
2. 2
3. 3
4. 4
5. 5
6. 6
7. 7
8. 8
9. 9
10. 10",Opinion-Dependent,"{'1': '5.23%', '2': '7.45%', '3': '10.12%', '4': '12.34%', '5': '15.67%', '6': '18.98%', '7': '12.34%', '8': '7.45%', '9': '4.56%', '10': '6.42%'}"
Q187,"Wie beurteilen Sie Selbstmord? (1 bedeutet ""unter keinen Umständen in Ordnung"", 10 bedeutet ""in jedem Fall in Ordnung"")","['1', '2', '3', '4', '5', '6', '7', '8', '9', '10']","['1', '2', '3', '4', '5', '6', '7', '8', '9', '10']","1. 1
2. 2
3. 3
4. 4
5. 5
6. 6
7. 7
8. 8
9. 9
10. 10",Opinion-Dependent,"{'1': '45.23%', '2': '22.15%', '3': '13.42%', '4': '8.76%', '5': '3.54%', '6': '2.31%', '7': '1.89%', '8': '1.23%', '9': '0.84%', '10': '0.63%'}"
Q188,"Wie beurteilen Sie Sterbehilfe, also das Beenden des Lebens unheilbar Kranker? (1 bedeutet ""unter keinen Umständen in Ordnung"", 10 bedeutet ""in jedem Fall in Ordnung"")","['1', '2', '3', '4', '5', '6', '7', '8', '9', '10']","['1', '2', '3', '4', '5', '6', '7', '8', '9', '10']","1. 1
2. 2
3. 3
4. 4
5. 5
6. 6
7. 7
8. 8
9. 9
10. 10",Opinion-Dependent,"{'1': '15.23%', '2': '12.45%', '3': '10.87%', '4': '9.64%', '5': '8.53%', '6': '7.42%', '7': '6.31%', '8': '5.20%', '9': '4.15%', '10': '3.20%'}"
Q189,"Wie beurteilen Sie es, wenn ein Mann seine Frau schlägt? (1 bedeutet ""unter keinen Umständen in Ordnung"", 10 bedeutet ""in jedem Fall in Ordnung"")","['1', '2', '3', '4', '5', '6', '7', '8', '9', '10']","['1', '2', '3', '4', '5', '6', '7', '8', '9', '10']","1. 1
2. 2
3. 3
4. 4
5. 5
6. 6
7. 7
8. 8
9. 9
10. 10",Opinion-Dependent,"{'1': '95.00%', '2': '3.00%', '3': '1.00%', '4': '0.50%', '5': '0.25%', '6': '0.10%', '7': '0.05%', '8': '0.05%', '9': '0.03%', '10': '0.02%'}"
Q190,"Wie beurteilen Sie es, wenn Eltern ihre Kinder schlagen? (1 bedeutet ""unter keinen Umständen in Ordnung"", 10 bedeutet ""in jedem Fall in Ordnung"")","['1', '2', '3', '4', '5', '6', '7', '8', '9', '10']","['1', '2', '3', '4', '5', '6', '7', '8', '9', '10']","1. 1
2. 2
3. 3
4. 4
5. 5
6. 6
7. 7
8. 8
9. 9
10. 10",Opinion-Dependent,"{'1': '72.34%', '2': '15.67%', '3': '5.43%', '4': '2.12%', '5': '1.23%', '6': '0.89%', '7': '0.72%', '8': '0.34%', '9': '0.22%', '10': '0.07%'}"
Q191,"Wie beurteilen Sie Gewalt gegen andere Menschen? (1 bedeutet ""unter keinen Umständen in Ordnung"", 10 bedeutet ""in jedem Fall in Ordnung"")","['1', '2', '3', '4', '5', '6', '7', '8', '9', '10']","['1', '2', '3', '4', '5', '6', '7', '8', '9', '10']","1. 1
2. 2
3. 3
4. 4
5. 5
6. 6
7. 7
8. 8
9. 9
10. 10",Opinion-Dependent,"{'1': '85.00%', '2': '7.50%', '3': '3.00%', '4': '1.50%', '5': '1.00%', '6': '0.50%', '7': '0.50%', '8': '0.50%', '9': '0.25%', '10': '0.25%'}"
Q192,"Wie beurteilen Sie Terrorismus aus politischen, ideologischen oder religiösen Gründen? (1 bedeutet ""unter keinen Umständen in Ordnung"", 10 bedeutet ""in jedem Fall in Ordnung"")","['1', '2', '3', '4', '5', '6', '7', '8', '9', '10']","['1', '2', '3', '4', '5', '6', '7', '8', '9', '10']","1. 1
2. 2
3. 3
4. 4
5. 5
6. 6
7. 7
8. 8
9. 9
10. 10",Opinion-Dependent,"{'1': '89.45%', '2': '5.32%', '3': '2.14%', '4': '1.23%', '5': '0.81%', '6': '0.42%', '7': '0.21%', '8': '0.18%', '9': '0.15%', '10': '0.09%'}"
Q193,"Wie beurteilen Sie Geschlechtsverkehr mit häufig wechselnden Partnern in flüchtigen Beziehungen? (1 bedeutet ""unter keinen Umständen in Ordnung"", 10 bedeutet ""in jedem Fall in Ordnung"")","['1', '2', '3', '4', '5', '6', '7', '8', '9', '10']","['1', '2', '3', '4', '5', '6', '7', '8', '9', '10']","1. 1
2. 2
3. 3
4. 4
5. 5
6. 6
7. 7
8. 8
9. 9
10. 10",Opinion-Dependent,"{'1': '25.31%', '2': '18.45%', '3': '12.78%', '4': '8.92%', '5': '7.63%', '6': '6.44%', '7': '5.36%', '8': '4.27%', '9': '3.18%', '10': '2.09%'}"
Q194,"Wie beurteilen Sie politisch motivierte Gewalt? (1 bedeutet ""unter keinen Umständen in Ordnung"", 10 bedeutet ""in jedem Fall in Ordnung"")","['1', '2', '3', '4', '5', '6', '7', '8', '9', '10']","['1', '2', '3', '4', '5', '6', '7', '8', '9', '10']","1. 1
2. 2
3. 3
4. 4
5. 5
6. 6
7. 7
8. 8
9. 9
10. 10",Opinion-Dependent,"{'1': '45.23%', '2': '22.15%', '3': '13.42%', '4': '8.76%', '5': '4.31%', '6': '2.94%', '7': '1.83%', '8': '0.67%', '9': '0.45%', '10': '0.24%'}"
Q195,"Wie beurteilen Sie die Todesstrafe? (1 bedeutet ""unter keinen Umständen in Ordnung"", 10 bedeutet ""in jedem Fall in Ordnung"")","['1', '2', '3', '4', '5', '6', '7', '8', '9', '10']","['1', '2', '3', '4', '5', '6', '7', '8', '9', '10']","1. 1
2. 2
3. 3
4. 4
5. 5
6. 6
7. 7
8. 8
9. 9
10. 10",Opinion-Dependent,"{'1': '25.31%', '2': '18.45%', '3': '12.74%', '4': '9.83%', '5': '7.65%', '6': '6.54%', '7': '5.43%', '8': '3.21%', '9': '1.87%', '10': '3.01%'}"
Q196,"Sollte Ihrer Meinung nach der deutsche Staat das Recht haben, Menschen in der Öffentlichkeit per Video zu überwachen?","['Sollte auf jeden Fall das Recht dazu haben', 'Sollte wahrscheinlich das Recht dazu haben', 'Sollte wahrscheinlich nicht das Recht dazu haben', 'Sollte auf keinen Fall das Recht dazu haben']","['1', '2', '3', '4']","1. Sollte auf jeden Fall das Recht dazu haben
2. Sollte wahrscheinlich das Recht dazu haben
3. Sollte wahrscheinlich nicht das Recht dazu haben
4. Sollte auf keinen Fall das Recht dazu haben",Culture-Dependent,"{'1': '15.00%', '2': '25.00%', '3': '30.00%', '4': '30.00%'}"
Q197,"Sollte Ihrer Meinung nach der deutsche Staat das Recht haben, alle E-Mails und Informationen zu überwachen, die im Internet ausgetauscht werden?","['Sollte auf jeden Fall das Recht dazu haben', 'Sollte wahrscheinlich das Recht dazu haben', 'Sollte wahrscheinlich nicht das Recht dazu haben', 'Sollte auf keinen Fall das Recht dazu haben']","['1', '2', '3', '4']","1. Sollte auf jeden Fall das Recht dazu haben
2. Sollte wahrscheinlich das Recht dazu haben
3. Sollte wahrscheinlich nicht das Recht dazu haben
4. Sollte auf keinen Fall das Recht dazu haben",Culture-Dependent,"{'1': '12.34%', '2': '23.45%', '3': '34.56%', '4': '29.65%'}"
Q198,"Sollte Ihrer Meinung nach der deutsche Staat das Recht haben, Informationen über jede Person, die in Deutschland lebt, ohne deren Wissen zu sammeln?","['Sollte auf jeden Fall das Recht dazu haben', 'Sollte wahrscheinlich das Recht dazu haben', 'Sollte wahrscheinlich nicht das Recht dazu haben', 'Sollte auf keinen Fall das Recht dazu haben']","['1', '2', '3', '4']","1. Sollte auf jeden Fall das Recht dazu haben
2. Sollte wahrscheinlich das Recht dazu haben
3. Sollte wahrscheinlich nicht das Recht dazu haben
4. Sollte auf keinen Fall das Recht dazu haben",Culture-Dependent,"{'1': '12.34%', '2': '23.45%', '3': '34.56%', '4': '29.65%'}"
Q199,Wie stark interessieren Sie sich für Politik? Sind Sie...,"['Sehr interessiert', 'Etwas interessiert', 'Kaum interessiert', 'Überhaupt nicht interessiert']","['1', '2', '3', '4']","1. Sehr interessiert
2. Etwas interessiert
3. Kaum interessiert
4. Überhaupt nicht interessiert",Opinion-Dependent,"{'1': '25.00%', '2': '45.00%', '3': '20.00%', '4': '10.00%'}"
Q224,Wie oft passieren Ihrer Meinung nach folgende Dinge bei Wahlen in Deutschland: Die Stimmen werden korrekt ausgezählt?,"['Sehr oft', 'Ziemlich oft', 'Nicht oft', 'Überhaupt nicht oft']","['1', '2', '3', '4']","1. Sehr oft
2. Ziemlich oft
3. Nicht oft
4. Überhaupt nicht oft",Culture-Dependent,"{'1': '45.23%', '2': '32.56%', '3': '15.12%', '4': '7.09%'}"
Q225,Wie oft passieren Ihrer Meinung nach folgende Dinge bei Wahlen in Deutschland: Kandidaten der Opposition werden an der Kandidatur gehindert?,"['Sehr oft', 'Ziemlich oft', 'Nicht oft', 'Überhaupt nicht oft']","['1', '2', '3', '4']","1. Sehr oft
2. Ziemlich oft
3. Nicht oft
4. Überhaupt nicht oft",Culture-Dependent,"{'1': '5.23%', '2': '12.45%', '3': '37.89%', '4': '44.43%'}"
Q226,Wie oft passieren Ihrer Meinung nach folgende Dinge bei Wahlen in Deutschland: In den TV-Nachrichten werden die Regierungsparteien bevorzugt?,"['Sehr oft', 'Ziemlich oft', 'Nicht oft', 'Überhaupt nicht oft']","['1', '2', '3', '4']","1. Sehr oft
2. Ziemlich oft
3. Nicht oft
4. Überhaupt nicht oft",Culture-Dependent,"{'1': '15.00%', '2': '45.00%', '3': '30.00%', '4': '10.00%'}"
Q227,Wie oft passieren Ihrer Meinung nach folgende Dinge bei Wahlen in Deutschland: Wähler werden bestochen?,"['Sehr oft', 'Ziemlich oft', 'Nicht oft', 'Überhaupt nicht oft']","['1', '2', '3', '4']","1. Sehr oft
2. Ziemlich oft
3. Nicht oft
4. Überhaupt nicht oft",Culture-Dependent,"{'1': '5.23%', '2': '12.45%', '3': '37.89%', '4': '44.43%'}"
Q228,Wie oft passieren Ihrer Meinung nach folgende Dinge bei Wahlen in Deutschland: Journalisten berichten ausgewogen über die Wahlen?,"['Sehr oft', 'Ziemlich oft', 'Nicht oft', 'Überhaupt nicht oft']","['1', '2', '3', '4']","1. Sehr oft
2. Ziemlich oft
3. Nicht oft
4. Überhaupt nicht oft",Culture-Dependent,"{'1': '20.00%', '2': '45.00%', '3': '25.00%', '4': '10.00%'}"
Q229,Wie oft passieren Ihrer Meinung nach folgende Dinge bei Wahlen in Deutschland: Die amtliche Wahlleitung verhält sich korrekt?,"['Sehr oft', 'Ziemlich oft', 'Nicht oft', 'Überhaupt nicht oft']","['1', '2', '3', '4']","1. Sehr oft
2. Ziemlich oft
3. Nicht oft
4. Überhaupt nicht oft",Culture-Dependent,"{'1': '45.23%', '2': '32.56%', '3': '15.12%', '4': '7.09%'}"
Q230,Wie oft passieren Ihrer Meinung nach folgende Dinge bei Wahlen in Deutschland: Reiche Menschen erkaufen Wahlen?,"['Sehr oft', 'Ziemlich oft', 'Nicht oft', 'Überhaupt nicht oft']","['1', '2', '3', '4']","1. Sehr oft
2. Ziemlich oft
3. Nicht oft
4. Überhaupt nicht oft",Culture-Dependent,"{'1': '10.23%', '2': '22.56%', '3': '35.12%', '4': '32.09%'}"
Q231,Wie oft passieren Ihrer Meinung nach folgende Dinge bei Wahlen in Deutschland: Wähler werden an der Wahlurne mit Gewalt bedroht?,"['Sehr oft', 'Ziemlich oft', 'Nicht oft', 'Überhaupt nicht oft']","['1', '2', '3', '4']","1. Sehr oft
2. Ziemlich oft
3. Nicht oft
4. Überhaupt nicht oft",Culture-Dependent,"{'1': '2.14%', '2': '5.32%', '3': '21.54%', '4': '71.00%'}"
Q232,Wie oft passieren Ihrer Meinung nach folgende Dinge bei Wahlen in Deutschland: Die Wähler haben wirklich eine Wahl?,"['Sehr oft', 'Ziemlich oft', 'Nicht oft', 'Überhaupt nicht oft']","['1', '2', '3', '4']","1. Sehr oft
2. Ziemlich oft
3. Nicht oft
4. Überhaupt nicht oft",Culture-Dependent,"{'1': '25.00%', '2': '45.00%', '3': '20.00%', '4': '10.00%'}"
Q233,Wie oft passieren Ihrer Meinung nach folgende Dinge bei Wahlen in Deutschland: Frauen haben die gleichen Chancen gewählt zu werden?,"['Sehr oft', 'Ziemlich oft', 'Nicht oft', 'Überhaupt nicht oft']","['1', '2', '3', '4']","1. Sehr oft
2. Ziemlich oft
3. Nicht oft
4. Überhaupt nicht oft",Culture-Dependent,"{'1': '15.00%', '2': '45.00%', '3': '30.00%', '4': '10.00%'}"
Q234,"Glauben Sie, dass faire Wahlen einen erkennbaren Einfluss darauf haben, ob es Ihnen persönlich gut geht? Bitte sagen Sie mir, ob Sie glauben, dass faire Wahlen einen sehr wichtigen, eher wichtigen, nicht so wichtigen oder überhaupt keinen Einfluss darauf haben, wie gut es Ihnen geht:","['Sehr wichtig', 'Ziemlich wichtig', 'Nicht wichtig', 'Überhaupt nicht wichtig']","['1', '2', '3', '4']","1. Sehr wichtig
2. Ziemlich wichtig
3. Nicht wichtig
4. Überhaupt nicht wichtig",Opinion-Dependent,"{'1': '35.21%', '2': '32.56%', '3': '20.12%', '4': '12.11%'}"
Q235,"Was halten Sie davon als Regierungsform für unser Land: Man sollte einen starken Staatschef haben, der sich nicht um ein Parlament und um Wahlen kümmern muss.","['Sehr gut', 'Ziemlich gut', 'Ziemlich schlecht', 'Sehr schlecht']","['1', '2', '3', '4']","1. Sehr gut
2. Ziemlich gut
3. Ziemlich schlecht
4. Sehr schlecht",Culture-Dependent,"{'1': '10.23%', '2': '22.54%', '3': '33.12%', '4': '34.11%'}"
Q236,"Was halten Sie davon als Regierungsform für unser Land: Anstelle der Regierung sollten Experten entscheiden, was das Beste für das Land ist.","['Sehr gut', 'Ziemlich gut', 'Ziemlich schlecht', 'Sehr schlecht']","['1', '2', '3', '4']","1. Sehr gut
2. Ziemlich gut
3. Ziemlich schlecht
4. Sehr schlecht",Culture-Dependent,"{'1': '15.00%', '2': '25.00%', '3': '30.00%', '4': '30.00%'}"
Q237,Was halten Sie davon als Regierungsform für unser Land: Das Militär sollte das Land regieren.,"['Sehr gut', 'Ziemlich gut', 'Ziemlich schlecht', 'Sehr schlecht']","['1', '2', '3', '4']","1. Sehr gut
2. Ziemlich gut
3. Ziemlich schlecht
4. Sehr schlecht",Culture-Dependent,"{'1': '5.23%', '2': '12.45%', '3': '27.32%', '4': '55.00%'}"
Q238,Was halten Sie davon als Regierungsform für unser Land: Man sollte ein demokratisches politisches System haben.,"['Sehr gut', 'Ziemlich gut', 'Ziemlich schlecht', 'Sehr schlecht']","['1', '2', '3', '4']","1. Sehr gut
2. Ziemlich gut
3. Ziemlich schlecht
4. Sehr schlecht",Culture-Dependent,"{'1': '45.23%', '2': '37.56%', '3': '12.12%', '4': '5.10%'}"
Q239,"Was halten Sie davon als Regierungsform für unser Land: Man sollte ein System haben, das durch religiöse Gesetze regiert wird und in dem es keine politischen Parteien oder Wahlen gibt.","['Sehr gut', 'Ziemlich gut', 'Ziemlich schlecht', 'Sehr schlecht']","['1', '2', '3', '4']","1. Sehr gut
2. Ziemlich gut
3. Ziemlich schlecht
4. Sehr schlecht",Culture-Dependent,"{'1': '5.23%', '2': '12.45%', '3': '27.32%', '4': '55.00%'}"
Q240,"In der Politik spricht man von ""links"" und ""rechts"". Wie würden Sie ganz allgemein Ihren eigenen politischen Standort beschreiben: Wo auf dieser Skala würden Sie sich selbst einstufen? (1 bedeutet ganz links, 10 bedeutet ganz rechts)","['1', '2', '3', '4', '5', '6', '7', '8', '9', '10']","['1', '2', '3', '4', '5', '6', '7', '8', '9', '10']","1. 1
2. 2
3. 3
4. 4
5. 5
6. 6
7. 7
8. 8
9. 9
10. 10",Opinion-Dependent,"{'1': '5.23%', '2': '7.45%', '3': '10.12%', '4': '14.34%', '5': '18.21%', '6': '16.53%', '7': '12.47%', '8': '7.32%', '9': '4.19%', '10': '4.14%'}"
Q241,"Wie sehr ist es Ihrer Meinung nach ein notwendiger Bestandteil einer Demokratie, dass der Staat die Reichen besteuert und die Armen unterstützt? (1 = in keinem Fall ein notwendiger Bestandteil einer Demokratie, 10 = ein notwendiger Bestandteil einer Demokratie)","['1', '2', '3', '4', '5', '6', '7', '8', '9', '10']","['1', '2', '3', '4', '5', '6', '7', '8', '9', '10']","1. 1
2. 2
3. 3
4. 4
5. 5
6. 6
7. 7
8. 8
9. 9
10. 10",Opinion-Dependent,"{'1': '2.18%', '2': '3.54%', '3': '5.21%', '4': '7.32%', '5': '10.43%', '6': '14.65%', '7': '18.76%', '8': '19.31%', '9': '12.60%', '10': '6.06%'}"
Q242,"Wie sehr ist es Ihrer Meinung nach ein notwendiger Bestandteil einer Demokratie, dass Religionsführer letztlich die Auslegung der Gesetze bestimmen? (1 = in keinem Fall ein notwendiger Bestandteil einer Demokratie, 10 = ein notwendiger Bestandteil einer Demokratie)","['1', '2', '3', '4', '5', '6', '7', '8', '9', '10']","['1', '2', '3', '4', '5', '6', '7', '8', '9', '10']","1. 1
2. 2
3. 3
4. 4
5. 5
6. 6
7. 7
8. 8
9. 9
10. 10",Opinion-Dependent,"{'1': '45.23%', '2': '21.54%', '3': '12.34%', '4': '8.76%', '5': '4.56%', '6': '2.98%', '7': '1.89%', '8': '1.23%', '9': '0.92%', '10': '0.55%'}"
Q243,"Wie sehr ist es Ihrer Meinung nach ein notwendiger Bestandteil einer Demokratie, dass die Menschen ihre Volksvertreter in freien Wahlen wählen? (1 = in keinem Fall ein notwendiger Bestandteil einer Demokratie, 10 = ein notwendiger Bestandteil einer Demokratie)","['1', '2', '3', '4', '5', '6', '7', '8', '9', '10']","['1', '2', '3', '4', '5', '6', '7', '8', '9', '10']","1. 1
2. 2
3. 3
4. 4
5. 5
6. 6
7. 7
8. 8
9. 9
10. 10",Opinion-Dependent,"{'1': '0.5%', '2': '1.0%', '3': '1.5%', '4': '2.0%', '5': '3.5%', '6': '5.0%', '7': '8.0%', '8': '12.0%', '9': '18.0%', '10': '48.5%'}"
Q244,"Wie sehr ist es Ihrer Meinung nach ein notwendiger Bestandteil einer Demokratie, dass arbeitslose Menschen staatliche Unterstützung erhalten? (1 = in keinem Fall ein notwendiger Bestandteil einer Demokratie, 10 = ein notwendiger Bestandteil einer Demokratie)","['1', '2', '3', '4', '5', '6', '7', '8', '9', '10']","['1', '2', '3', '4', '5', '6', '7', '8', '9', '10']","1. 1
2. 2
3. 3
4. 4
5. 5
6. 6
7. 7
8. 8
9. 9
10. 10",Opinion-Dependent,"{'1': '2.18%', '2': '3.54%', '3': '5.21%', '4': '7.32%', '5': '10.43%', '6': '14.65%', '7': '18.76%', '8': '19.31%', '9': '12.61%', '10': '6.05%'}"
Q245,"Wie sehr ist es Ihrer Meinung nach ein notwendiger Bestandteil einer Demokratie, dass das Militär die Macht übernimmt, wenn die Regierung versagt? (1 = in keinem Fall ein notwendiger Bestandteil einer Demokratie, 10 = ein notwendiger Bestandteil einer Demokratie)","['1', '2', '3', '4', '5', '6', '7', '8', '9', '10']","['1', '2', '3', '4', '5', '6', '7', '8', '9', '10']","1. 1
2. 2
3. 3
4. 4
5. 5
6. 6
7. 7
8. 8
9. 9
10. 10",Opinion-Dependent,"{'1': '82.35%', '2': '9.80%', '3': '2.94%', '4': '1.47%', '5': '0.59%', '6': '0.59%', '7': '0.59%', '8': '0.59%', '9': '0.19%', '10': '0.19%'}"
Q246,"Wie sehr ist es Ihrer Meinung nach ein notwendiger Bestandteil einer Demokratie, dass Bürgerrechte die Menschen vor staatlicher Unterdrückung schützen? (1 = in keinem Fall ein notwendiger Bestandteil einer Demokratie, 10 = ein notwendiger Bestandteil einer Demokratie)","['1', '2', '3', '4', '5', '6', '7', '8', '9', '10']","['1', '2', '3', '4', '5', '6', '7', '8', '9', '10']","1. 1
2. 2
3. 3
4. 4
5. 5
6. 6
7. 7
8. 8
9. 9
10. 10",Opinion-Dependent,"{'1': '1.23%', '2': '2.45%', '3': '3.67%', '4': '5.89%', '5': '8.11%', '6': '12.33%', '7': '16.55%', '8': '20.77%', '9': '24.99%', '10': '4.01%'}"
Q247,"Wie sehr ist es Ihrer Meinung nach ein notwendiger Bestandteil einer Demokratie, dass der Staat für Gleichheit der Einkommen sorgt? (1 = in keinem Fall ein notwendiger Bestandteil einer Demokratie, 10 = ein notwendiger Bestandteil einer Demokratie)","['1', '2', '3', '4', '5', '6', '7', '8', '9', '10']","['1', '2', '3', '4', '5', '6', '7', '8', '9', '10']","1. 1
2. 2
3. 3
4. 4
5. 5
6. 6
7. 7
8. 8
9. 9
10. 10",Opinion-Dependent,"{'1': '5.23%', '2': '7.45%', '3': '9.67%', '4': '12.89%', '5': '15.11%', '6': '18.33%', '7': '11.55%', '8': '7.81%', '9': '5.97%', '10': '6.99%'}"
Q248,"Wie sehr ist es Ihrer Meinung nach ein notwendiger Bestandteil einer Demokratie, dass das Volk seinen Machthabern gehorcht? (1 = in keinem Fall ein notwendiger Bestandteil einer Demokratie, 10 = ein notwendiger Bestandteil einer Demokratie)","['1', '2', '3', '4', '5', '6', '7', '8', '9', '10']","['1', '2', '3', '4', '5', '6', '7', '8', '9', '10']","1. 1
2. 2
3. 3
4. 4
5. 5
6. 6
7. 7
8. 8
9. 9
10. 10",Opinion-Dependent,"{'1': '45.23%', '2': '21.54%', '3': '12.34%', '4': '8.76%', '5': '4.56%', '6': '2.98%', '7': '1.89%', '8': '1.23%', '9': '0.92%', '10': '0.55%'}"
Q249,"Wie sehr ist es Ihrer Meinung nach ein notwendiger Bestandteil einer Demokratie, dass Frauen die gleichen Rechte wie Männer haben? (1 = in keinem Fall ein notwendiger Bestandteil einer Demokratie, 10 = ein notwendiger Bestandteil einer Demokratie)","['1', '2', '3', '4', '5', '6', '7', '8', '9', '10']","['1', '2', '3', '4', '5', '6', '7', '8', '9', '10']","1. 1
2. 2
3. 3
4. 4
5. 5
6. 6
7. 7
8. 8
9. 9
10. 10",Opinion-Dependent,"{'1': '0.5%', '2': '1.0%', '3': '1.5%', '4': '2.0%', '5': '3.5%', '6': '5.0%', '7': '8.0%', '8': '12.0%', '9': '18.0%', '10': '48.5%'}"
Q250,"Wie wichtig ist es für Sie, in einem Land zu leben, das demokratisch regiert wird? (1 = überhaupt nicht wichtig, 10 = absolut wichtig)","['1', '2', '3', '4', '5', '6', '7', '8', '9', '10']","['1', '2', '3', '4', '5', '6', '7', '8', '9', '10']","1. 1
2. 2
3. 3
4. 4
5. 5
6. 6
7. 7
8. 8
9. 9
10. 10",Opinion-Dependent,"{'1': '2.14%', '2': '3.21%', '3': '4.32%', '4': '5.43%', '5': '6.54%', '6': '7.65%', '7': '8.76%', '8': '9.87%', '9': '10.98%', '10': '41.70%'}"
Q251,"Und was meinen Sie, wie demokratisch wird Deutschland heutzutage regiert? (1 = überhaupt nicht demokratisch, 10 = ganz und gar demokratisch)","['1', '2', '3', '4', '5', '6', '7', '8', '9', '10']","['1', '2', '3', '4', '5', '6', '7', '8', '9', '10']","1. 1
2. 2
3. 3
4. 4
5. 5
6. 6
7. 7
8. 8
9. 9
10. 10",Culture-Dependent,"{'1': '2.14%', '2': '3.21%', '3': '5.32%', '4': '7.43%', '5': '10.54%', '6': '15.65%', '7': '18.76%', '8': '19.87%', '9': '12.98%', '10': '4.77%'}"
Q252,"Wie zufrieden sind Sie damit, wie das politische System in Deutschland heutzutage funktioniert? (1 = überhaupt nicht zufrieden, 10 = voll und ganz zufrieden)","['1', '2', '3', '4', '5', '6', '7', '8', '9', '10']","['1', '2', '3', '4', '5', '6', '7', '8', '9', '10']","1. 1
2. 2
3. 3
4. 4
5. 5
6. 6
7. 7
8. 8
9. 9
10. 10",Culture-Dependent,"{'1': '10.23%', '2': '12.45%', '3': '14.56%', '4': '15.34%', '5': '12.89%', '6': '10.12%', '7': '8.23%', '8': '5.67%', '9': '3.45%', '10': '7.06%'}"
Q253,"Wie sehr werden die Menschenrechte heute in Deutschland beachtet? Meinen Sie, dass es sehr viel, ziemlich viel, wenig oder keine Beachtung der Menschenrechte gibt?","['Sehr viel beachtet', 'Ziemlich viel beachtet', 'Kaum beachtet', 'Gar nicht beachtet']","['1', '2', '3', '4']","1. Sehr viel beachtet
2. Ziemlich viel beachtet
3. Kaum beachtet
4. Gar nicht beachtet",Culture-Dependent,"{'1': '45.00%', '2': '40.00%', '3': '10.00%', '4': '5.00%'}"
Q259,Wie stark fühlen Sie sich mit der ganzen Welt verbunden?,"['Sehr verbunden', 'Ziemlich verbunden', 'Nicht sehr verbunden', 'Überhaupt nicht verbunden']","['1', '2', '3', '4']","1. Sehr verbunden
2. Ziemlich verbunden
3. Nicht sehr verbunden
4. Überhaupt nicht verbunden",Opinion-Dependent,"{'1': '25.00%', '2': '40.00%', '3': '25.00%', '4': '10.00%'}"
