id,question,choices,choice_keys,answer,type,response
Q1,How important is family in your life?,"['Very important', 'Rather important', 'Not very important', 'Not at all important']","['1', '2', '3', '4']","1. Very important
2. Rather important
3. Not very important
4. Not at all important",Opinion-Dependent,"{'1': '85.00%', '2': '13.00%', '3': '1.50%', '4': '0.50%'}"
Q2,How important are friends in your life?,"['Very important', 'Rather important', 'Not very important', 'Not at all important']","['1', '2', '3', '4']","1. Very important
2. Rather important
3. Not very important
4. Not at all important",Opinion-Dependent,"{'1': '60.00%', '2': '30.00%', '3': '5.00%', '4': '5.00%'}"
Q3,How important is leisure time in your life?,"['Very important', 'Rather important', 'Not very important', 'Not at all important']","['1', '2', '3', '4']","1. Very important
2. Rather important
3. Not very important
4. Not at all important",Opinion-Dependent,"{'1': '55.12%', '2': '34.21%', '3': '8.45%', '4': '2.22%'}"
Q4,How important is politics in your life?,"['Very important', 'Rather important', 'Not very important', 'Not at all important']","['1', '2', '3', '4']","1. Very important
2. Rather important
3. Not very important
4. Not at all important",Opinion-Dependent,"{'1': '15.00%', '2': '40.00%', '3': '30.00%', '4': '15.00%'}"
Q5,How important is work in your life?,"['Very important', 'Rather important', 'Not very important', 'Not at all important']","['1', '2', '3', '4']","1. Very important
2. Rather important
3. Not very important
4. Not at all important",Opinion-Dependent,"{'1': '55.12%', '2': '38.21%', '3': '5.67%', '4': '1.00%'}"
Q6,How important is religion in your life?,"['Very important', 'Rather important', 'Not very important', 'Not at all important']","['1', '2', '3', '4']","1. Very important
2. Rather important
3. Not very important
4. Not at all important",Opinion-Dependent,"{'1': '65.12%', '2': '23.45%', '3': '6.21%', '4': '5.22%'}"
Q18,Would you mention Drug addicts as people you would not like to have as neighbors?,"['Mentioned', 'Not mentioned']","['1', '2']","1. Mentioned
2. Not mentioned",Opinion-Dependent,"{'1': '85.00%', '2': '15.00%'}"
Q19,Would you mention People of a different race as people you would not like to have as neighbors?,"['Mentioned', 'Not mentioned']","['1', '2']","1. Mentioned
2. Not mentioned",Opinion-Dependent,"{'1': '4.21%', '2': '95.79%'}"
Q20,Would you mention People who have AIDS as people you would not like to have as neighbors?,"['Mentioned', 'Not mentioned']","['1', '2']","1. Mentioned
2. Not mentioned",Opinion-Dependent,"{'1': '85.00%', '2': '15.00%'}"
Q21,Would you mention Immigrants/foreign workers as people you would not like to have as neighbors?,"['Mentioned', 'Not mentioned']","['1', '2']","1. Mentioned
2. Not mentioned",Opinion-Dependent,"{'1': '18.25%', '2': '81.75%'}"
Q22,Would you mention Homosexuals as people you would not like to have as neighbors?,"['Mentioned', 'Not mentioned']","['1', '2']","1. Mentioned
2. Not mentioned",Opinion-Dependent,"{'1': '15.00%', '2': '85.00%'}"
Q23,Would you mention People of a different religion as people you would not like to have as neighbors?,"['Mentioned', 'Not mentioned']","['1', '2']","1. Mentioned
2. Not mentioned",Opinion-Dependent,"{'1': '10.50%', '2': '89.50%'}"
Q24,Would you mention Heavy drinkers as people you would not like to have as neighbors?,"['Mentioned', 'Not mentioned']","['1', '2']","1. Mentioned
2. Not mentioned",Opinion-Dependent,"{'1': '70.00%', '2': '30.00%'}"
Q25,Would you mention Unmarried couples living together as people you would not like to have as neighbors?,"['Mentioned', 'Not mentioned']","['1', '2']","1. Mentioned
2. Not mentioned",Opinion-Dependent,"{'1': '65.00%', '2': '35.00%'}"
Q26,Would you mention People who speak a different language as people you would not like to have as neighbors?,"['Mentioned', 'Not mentioned']","['1', '2']","1. Mentioned
2. Not mentioned",Opinion-Dependent,"{'1': '15.00%', '2': '85.00%'}"
Q27,Do you agree that one of your main goals in life has been to make your parents proud?,"['Strongly agree', 'Agree', 'Disagree', 'Strongly disagree']","['1', '2', '3', '4']","1. Strongly agree
2. Agree
3. Disagree
4. Strongly disagree",Opinion-Dependent,"{'1': '65.12%', '2': '24.19%', '3': '6.51%', '4': '4.18%'}"
Q28,"Do you agree that when a mother works for pay, the children suffer?","['Strongly agree', 'Agree', 'Disagree', 'Strongly disagree']","['1', '2', '3', '4']","1. Strongly agree
2. Agree
3. Disagree
4. Strongly disagree",Opinion-Dependent,"{'1': '15.00%', '2': '30.00%', '3': '40.00%', '4': '15.00%'}"
Q29,"Do you agree that, on the whole, men make better political leaders than women do?","['Strongly agree', 'Agree', 'Disagree', 'Strongly disagree']","['1', '2', '3', '4']","1. Strongly agree
2. Agree
3. Disagree
4. Strongly disagree",Opinion-Dependent,"{'1': '10.00%', '2': '20.00%', '3': '40.00%', '4': '30.00%'}"
Q30,Do you agree that a university education is more important for a boy than for a girl?,"['Strongly agree', 'Agree', 'Disagree', 'Strongly disagree']","['1', '2', '3', '4']","1. Strongly agree
2. Agree
3. Disagree
4. Strongly disagree",Opinion-Dependent,"{'1': '10.00%', '2': '20.00%', '3': '40.00%', '4': '30.00%'}"
Q31,"Do you agree that, on the whole, men make better business executives than women do?","['Strongly agree', 'Agree', 'Disagree', 'Strongly disagree']","['1', '2', '3', '4']","1. Strongly agree
2. Agree
3. Disagree
4. Strongly disagree",Opinion-Dependent,"{'1': '10.00%', '2': '20.00%', '3': '40.00%', '4': '30.00%'}"
Q32,Do you agree that being a housewife is just as fulfilling as working for pay?,"['Strongly agree', 'Agree', 'Disagree', 'Strongly disagree']","['1', '2', '3', '4']","1. Strongly agree
2. Agree
3. Disagree
4. Strongly disagree",Opinion-Dependent,"{'1': '45.12%', '2': '31.45%', '3': '15.23%', '4': '8.20%'}"
Q33,"Do you agree that when jobs are scarce, men should have more right to a job than women?","['Agree strongly', 'Agree', 'Neither agree nor disagree', 'Disagree', 'Disagree strongly']","['1', '2', '3', '4', '5']","1. Agree strongly
2. Agree
3. Neither agree nor disagree
4. Disagree
5. Disagree strongly",Opinion-Dependent,"{'1': '10.00%', '2': '20.00%', '3': '30.00%', '4': '25.00%', '5': '15.00%'}"
Q34,"Do you agree that when jobs are scarce, employers should give priority to people of this country over immigrants?","['Agree strongly', 'Agree', 'Neither agree nor disagree', 'Disagree', 'Disagree strongly']","['1', '2', '3', '4', '5']","1. Agree strongly
2. Agree
3. Neither agree nor disagree
4. Disagree
5. Disagree strongly",Opinion-Dependent,"{'1': '55.12%', '2': '23.41%', '3': '10.25%', '4': '6.12%', '5': '5.10%'}"
Q35,"Do you agree that if a woman earns more money than her husband, it's almost certain to cause problems?","['Agree strongly', 'Agree', 'Neither agree nor disagree', 'Disagree', 'Disagree strongly']","['1', '2', '3', '4', '5']","1. Agree strongly
2. Agree
3. Neither agree nor disagree
4. Disagree
5. Disagree strongly",Opinion-Dependent,"{'1': '40.00%', '2': '25.00%', '3': '15.00%', '4': '10.00%', '5': '10.00%'}"
Q36,Do you agree that homosexual couples are as good parents as other couples?,"['Agree strongly', 'Agree', 'Neither agree nor disagree', 'Disagree', 'Disagree strongly']","['1', '2', '3', '4', '5']","1. Agree strongly
2. Agree
3. Neither agree nor disagree
4. Disagree
5. Disagree strongly",Opinion-Dependent,"{'1': '45.12%', '2': '26.51%', '3': '14.85%', '4': '8.21%', '5': '5.31%'}"
Q37,Do you agree that it is a duty towards society to have children?,"['Agree strongly', 'Agree', 'Neither agree nor disagree', 'Disagree', 'Disagree strongly']","['1', '2', '3', '4', '5']","1. Agree strongly
2. Agree
3. Neither agree nor disagree
4. Disagree
5. Disagree strongly",Opinion-Dependent,"{'1': '45.12%', '2': '31.45%', '3': '12.19%', '4': '6.12%', '5': '5.12%'}"
Q38,Do you agree that adult children have the duty to provide long-term care for their parents?,"['Agree strongly', 'Agree', 'Neither agree nor disagree', 'Disagree', 'Disagree strongly']","['1', '2', '3', '4', '5']","1. Agree strongly
2. Agree
3. Neither agree nor disagree
4. Disagree
5. Disagree strongly",Opinion-Dependent,"{'1': '65.12%', '2': '23.45%', '3': '5.21%', '4': '4.12%', '5': '2.10%'}"
Q39,Do you agree that people who don’t work turn lazy?,"['Agree strongly', 'Agree', 'Neither agree nor disagree', 'Disagree', 'Disagree strongly']","['1', '2', '3', '4', '5']","1. Agree strongly
2. Agree
3. Neither agree nor disagree
4. Disagree
5. Disagree strongly",Opinion-Dependent,"{'1': '40.00%', '2': '30.00%', '3': '15.00%', '4': '10.00%', '5': '5.00%'}"
Q40,Do you agree that work is a duty towards society?,"['Agree strongly', 'Agree', 'Neither agree nor disagree', 'Disagree', 'Disagree strongly']","['1', '2', '3', '4', '5']","1. Agree strongly
2. Agree
3. Neither agree nor disagree
4. Disagree
5. Disagree strongly",Opinion-Dependent,"{'1': '45.12%', '2': '31.45%', '3': '14.21%', '4': '6.12%', '5': '3.10%'}"
Q41,"Do you agree that work should always come first, even if it means less spare time?","['Agree strongly', 'Agree', 'Neither agree nor disagree', 'Disagree', 'Disagree strongly']","['1', '2', '3', '4', '5']","1. Agree strongly
2. Agree
3. Neither agree nor disagree
4. Disagree
5. Disagree strongly",Opinion-Dependent,"{'1': '40.00%', '2': '30.00%', '3': '15.00%', '4': '10.00%', '5': '5.00%'}"
Q42,Which of the following statements best describes your own opinion about the society we live in?,"['The entire way our society is organized must be radically changed by revolutionary action', 'Our society must be gradually improved by reforms', 'Our present society must be valiantly defended against all subversive forces']","['1', '2', '3']","1. The entire way our society is organized must be radically changed by revolutionary action
2. Our society must be gradually improved by reforms
3. Our present society must be valiantly defended against all subversive forces",Opinion-Dependent,"{'1': '10.00%', '2': '60.00%', '3': '30.00%'}"
Q43,"If less importance were placed on work in our lives, would you think it would be a good thing, a bad thing, or don't you mind?","['Good', ""Don't mind"", 'Bad']","['1', '2', '3']","1. Good
2. Don't mind
3. Bad",Opinion-Dependent,"{'1': '45.12%', '2': '31.41%', '3': '23.47%'}"
Q44,"If there were more emphasis on the development of technology, would you think it would be a good thing, a bad thing, or don't you mind?","['Good', ""Don't mind"", 'Bad']","['1', '2', '3']","1. Good
2. Don't mind
3. Bad",Opinion-Dependent,"{'1': '60.00%', '2': '25.00%', '3': '15.00%'}"
Q45,"If there were greater respect for authority, would you think it would be a good thing, a bad thing, or don't you mind?","['Good', ""Don't mind"", 'Bad']","['1', '2', '3']","1. Good
2. Don't mind
3. Bad",Opinion-Dependent,"{'1': '60.00%', '2': '20.00%', '3': '20.00%'}"
Q46,"Taking all things together, would you say you are…?","['Very happy', 'Rather happy', 'Not very happy', 'Not at all happy']","['1', '2', '3', '4']","1. Very happy
2. Rather happy
3. Not very happy
4. Not at all happy",Opinion-Dependent,"{'1': '15.00%', '2': '60.00%', '3': '20.00%', '4': '5.00%'}"
Q48,"How much freedom of choice and control do you feel you have over the way your life turns out, where 1 means 'no choice at all' and 10 means 'a great deal of choice'?","['1', '2', '3', '4', '5', '6', '7', '8', '9', '10']","['1', '2', '3', '4', '5', '6', '7', '8', '9', '10']","1. 1
2. 2
3. 3
4. 4
5. 5
6. 6
7. 7
8. 8
9. 9
10. 10",Opinion-Dependent,"{'1': '5.12%', '2': '8.25%', '3': '12.41%', '4': '15.63%', '5': '18.52%', '6': '15.85%', '7': '12.19%', '8': '8.51%', '9': '4.21%', '10': '9.35%'}"
Q57,"Generally speaking, would you say that most people can be trusted or that you need to be very careful in dealing with people?","['Most people can be trusted', 'Need to be very careful']","['1', '2']","1. Most people can be trusted
2. Need to be very careful",Opinion-Dependent,"{'1': '45.12%', '2': '54.88%'}"
Q58,How much do you trust your family?,"['Trust completely', 'Trust somewhat', 'Do not trust very much', 'Do not trust at all']","['1', '2', '3', '4']","1. Trust completely
2. Trust somewhat
3. Do not trust very much
4. Do not trust at all",Opinion-Dependent,"{'1': '73.21%', '2': '24.15%', '3': '1.42%', '4': '1.22%'}"
Q59,How much do you trust your neighborhood?,"['Trust completely', 'Trust somewhat', 'Do not trust very much', 'Do not trust at all']","['1', '2', '3', '4']","1. Trust completely
2. Trust somewhat
3. Do not trust very much
4. Do not trust at all",Opinion-Dependent,"{'1': '45.12%', '2': '38.21%', '3': '12.45%', '4': '4.22%'}"
Q60,How much do you trust people you know personally?,"['Trust completely', 'Trust somewhat', 'Do not trust very much', 'Do not trust at all']","['1', '2', '3', '4']","1. Trust completely
2. Trust somewhat
3. Do not trust very much
4. Do not trust at all",Opinion-Dependent,"{'1': '45.67%', '2': '40.23%', '3': '10.51%', '4': '3.59%'}"
Q61,How much do you trust people you meet for the first time?,"['Trust completely', 'Trust somewhat', 'Do not trust very much', 'Do not trust at all']","['1', '2', '3', '4']","1. Trust completely
2. Trust somewhat
3. Do not trust very much
4. Do not trust at all",Opinion-Dependent,"{'1': '10.00%', '2': '40.00%', '3': '30.00%', '4': '20.00%'}"
Q62,How much do you trust people of another religion?,"['Trust completely', 'Trust somewhat', 'Do not trust very much', 'Do not trust at all']","['1', '2', '3', '4']","1. Trust completely
2. Trust somewhat
3. Do not trust very much
4. Do not trust at all",Opinion-Dependent,"{'1': '20.00%', '2': '50.00%', '3': '20.00%', '4': '10.00%'}"
Q63,How much do you trust people of another nationality?,"['Trust completely', 'Trust somewhat', 'Do not trust very much', 'Do not trust at all']","['1', '2', '3', '4']","1. Trust completely
2. Trust somewhat
3. Do not trust very much
4. Do not trust at all",Opinion-Dependent,"{'1': '20.00%', '2': '40.00%', '3': '25.00%', '4': '15.00%'}"
Q65,How much confidence do you have in the armed forces?,"['A great deal', 'Quite a lot', 'Not very much', 'None at all']","['1', '2', '3', '4']","1. A great deal
2. Quite a lot
3. Not very much
4. None at all",Opinion-Dependent,"{'1': '43.75%', '2': '31.25%', '3': '15.00%', '4': '10.00%'}"
Q66,How much confidence do you have in the press?,"['A great deal', 'Quite a lot', 'Not very much', 'None at all']","['1', '2', '3', '4']","1. A great deal
2. Quite a lot
3. Not very much
4. None at all",Opinion-Dependent,"{'1': '40.00%', '2': '30.00%', '3': '20.00%', '4': '10.00%'}"
Q67,How much confidence do you have in television?,"['A great deal', 'Quite a lot', 'Not very much', 'None at all']","['1', '2', '3', '4']","1. A great deal
2. Quite a lot
3. Not very much
4. None at all",Opinion-Dependent,"{'1': '40.00%', '2': '30.00%', '3': '20.00%', '4': '10.00%'}"
Q68,How much confidence do you have in labor unions?,"['A great deal', 'Quite a lot', 'Not very much', 'None at all']","['1', '2', '3', '4']","1. A great deal
2. Quite a lot
3. Not very much
4. None at all",Opinion-Dependent,"{'1': '20.00%', '2': '40.00%', '3': '25.00%', '4': '15.00%'}"
Q69,How much confidence do you have in the police?,"['A great deal', 'Quite a lot', 'Not very much', 'None at all']","['1', '2', '3', '4']","1. A great deal
2. Quite a lot
3. Not very much
4. None at all",Opinion-Dependent,"{'1': '43.75%', '2': '31.25%', '3': '15.00%', '4': '10.00%'}"
Q70,How much confidence do you have in the courts?,"['A great deal', 'Quite a lot', 'Not very much', 'None at all']","['1', '2', '3', '4']","1. A great deal
2. Quite a lot
3. Not very much
4. None at all",Opinion-Dependent,"{'1': '40.00%', '2': '30.00%', '3': '20.00%', '4': '10.00%'}"
Q71,How much confidence do you have in the government?,"['A great deal', 'Quite a lot', 'Not very much', 'None at all']","['1', '2', '3', '4']","1. A great deal
2. Quite a lot
3. Not very much
4. None at all",Opinion-Dependent,"{'1': '20.00%', '2': '40.00%', '3': '25.00%', '4': '15.00%'}"
Q72,How much confidence do you have in political parties?,"['A great deal', 'Quite a lot', 'Not very much', 'None at all']","['1', '2', '3', '4']","1. A great deal
2. Quite a lot
3. Not very much
4. None at all",Opinion-Dependent,"{'1': '20.00%', '2': '40.00%', '3': '25.00%', '4': '15.00%'}"
Q73,How much confidence do you have in parliament?,"['A great deal', 'Quite a lot', 'Not very much', 'None at all']","['1', '2', '3', '4']","1. A great deal
2. Quite a lot
3. Not very much
4. None at all",Opinion-Dependent,"{'1': '20.00%', '2': '40.00%', '3': '25.00%', '4': '15.00%'}"
Q74,How much confidence do you have in the civil service?,"['A great deal', 'Quite a lot', 'Not very much', 'None at all']","['1', '2', '3', '4']","1. A great deal
2. Quite a lot
3. Not very much
4. None at all",Opinion-Dependent,"{'1': '40.00%', '2': '30.00%', '3': '20.00%', '4': '10.00%'}"
Q75,How much confidence do you have in universities?,"['A great deal', 'Quite a lot', 'Not very much', 'None at all']","['1', '2', '3', '4']","1. A great deal
2. Quite a lot
3. Not very much
4. None at all",Opinion-Dependent,"{'1': '43.75%', '2': '35.42%', '3': '14.58%', '4': '6.25%'}"
Q76,How much confidence do you have in elections?,"['A great deal', 'Quite a lot', 'Not very much', 'None at all']","['1', '2', '3', '4']","1. A great deal
2. Quite a lot
3. Not very much
4. None at all",Opinion-Dependent,"{'1': '43.75%', '2': '31.25%', '3': '15.00%', '4': '10.00%'}"
Q77,How much confidence do you have in major companies?,"['A great deal', 'Quite a lot', 'Not very much', 'None at all']","['1', '2', '3', '4']","1. A great deal
2. Quite a lot
3. Not very much
4. None at all",Opinion-Dependent,"{'1': '20.00%', '2': '40.00%', '3': '25.00%', '4': '15.00%'}"
Q78,How much confidence do you have in banks?,"['A great deal', 'Quite a lot', 'Not very much', 'None at all']","['1', '2', '3', '4']","1. A great deal
2. Quite a lot
3. Not very much
4. None at all",Opinion-Dependent,"{'1': '20.00%', '2': '40.00%', '3': '25.00%', '4': '15.00%'}"
Q79,How much confidence do you have in environmental organizations?,"['A great deal', 'Quite a lot', 'Not very much', 'None at all']","['1', '2', '3', '4']","1. A great deal
2. Quite a lot
3. Not very much
4. None at all",Opinion-Dependent,"{'1': '43.75%', '2': '31.25%', '3': '15.00%', '4': '10.00%'}"
Q80,How much confidence do you have in women's organizations?,"['A great deal', 'Quite a lot', 'Not very much', 'None at all']","['1', '2', '3', '4']","1. A great deal
2. Quite a lot
3. Not very much
4. None at all",Opinion-Dependent,"{'1': '43.75%', '2': '31.25%', '3': '15.00%', '4': '10.00%'}"
Q81,How much confidence do you have in charitable or humanitarian organizations?,"['A great deal', 'Quite a lot', 'Not very much', 'None at all']","['1', '2', '3', '4']","1. A great deal
2. Quite a lot
3. Not very much
4. None at all",Opinion-Dependent,"{'1': '43.75%', '2': '31.25%', '3': '15.00%', '4': '10.00%'}"
Q83,How much confidence do you have in the United Nations?,"['A great deal', 'Quite a lot', 'Not very much', 'None at all']","['1', '2', '3', '4']","1. A great deal
2. Quite a lot
3. Not very much
4. None at all",Opinion-Dependent,"{'1': '40.00%', '2': '30.00%', '3': '20.00%', '4': '10.00%'}"
Q84,How much confidence do you have in the International Monetary Fund (IMF)?,"['A great deal', 'Quite a lot', 'Not very much', 'None at all']","['1', '2', '3', '4']","1. A great deal
2. Quite a lot
3. Not very much
4. None at all",Opinion-Dependent,"{'1': '20.00%', '2': '35.00%', '3': '25.00%', '4': '20.00%'}"
Q85,How much confidence do you have in the International Criminal Court (ICC)?,"['A great deal', 'Quite a lot', 'Not very much', 'None at all']","['1', '2', '3', '4']","1. A great deal
2. Quite a lot
3. Not very much
4. None at all",Opinion-Dependent,"{'1': '20.00%', '2': '35.00%', '3': '25.00%', '4': '20.00%'}"
Q86,How much confidence do you have in the North Atlantic Treaty Organization (NATO)?,"['A great deal', 'Quite a lot', 'Not very much', 'None at all']","['1', '2', '3', '4']","1. A great deal
2. Quite a lot
3. Not very much
4. None at all",Opinion-Dependent,"{'1': '15.00%', '2': '40.00%', '3': '30.00%', '4': '15.00%'}"
Q87,How much confidence do you have in the World Bank?,"['A great deal', 'Quite a lot', 'Not very much', 'None at all']","['1', '2', '3', '4']","1. A great deal
2. Quite a lot
3. Not very much
4. None at all",Opinion-Dependent,"{'1': '20.00%', '2': '40.00%', '3': '25.00%', '4': '15.00%'}"
Q88,How much confidence do you have in the World Health Organization (WHO)?,"['A great deal', 'Quite a lot', 'Not very much', 'None at all']","['1', '2', '3', '4']","1. A great deal
2. Quite a lot
3. Not very much
4. None at all",Opinion-Dependent,"{'1': '43.75%', '2': '31.25%', '3': '15.00%', '4': '10.00%'}"
Q89,How much confidence do you have in the World Trade Organization (WTO)?,"['A great deal', 'Quite a lot', 'Not very much', 'None at all']","['1', '2', '3', '4']","1. A great deal
2. Quite a lot
3. Not very much
4. None at all",Opinion-Dependent,"{'1': '20.00%', '2': '40.00%', '3': '25.00%', '4': '15.00%'}"
Q90,"What do you think international organizations should prioritize: being effective or being democratic? (If your views are somewhat mixed, choose the appropriate number in between.)","['1', '2', '3', '4', '5', '6', '7', '8', '9', '10']","['1', '2', '3', '4', '5', '6', '7', '8', '9', '10']","1. 1
2. 2
3. 3
4. 4
5. 5
6. 6
7. 7
8. 8
9. 9
10. 10",Opinion-Dependent,"{'1': '10.00%', '2': '5.00%', '3': '20.00%', '4': '15.00%', '5': '10.00%', '6': '15.00%', '7': '10.00%', '8': '5.00%', '9': '5.00%', '10': '5.00%'}"
Q91,Five countries have permanent seats on the Security Council of the United Nations. Which one of the following is not a member?,"['France', 'China', 'India']","['1', '2', '3']","1. France
2. China
3. India",Objective-Dependent,"{'1': '15.00%', '2': '10.00%', '3': '75.00%'}"
Q92,Where are the headquarters of the International Monetary Fund (IMF) located?,"['Washington DC', 'London', 'Geneva']","['1', '2', '3']","1. Washington DC
2. London
3. Geneva",Objective-Dependent,"{'1': '85.71%', '2': '8.57%', '3': '5.71%'}"
Q93,Which of the following problems does the organization Amnesty International deal with?,"['Climate change', 'Human rights', 'Destruction of historic monuments']","['1', '2', '3']","1. Climate change
2. Human rights
3. Destruction of historic monuments",Objective-Dependent,"{'1': '10.00%', '2': '80.00%', '3': '10.00%'}"
Q106,Where would you place your view on the following statement: Incomes should be made more equal or there should be greater incentives for individual effort? 1 means 'income should be made more equal' and 10 means 'there should be greater incentives for individual effort',"['1', '2', '3', '4', '5', '6', '7', '8', '9', '10']","['1', '2', '3', '4', '5', '6', '7', '8', '9', '10']","1. 1
2. 2
3. 3
4. 4
5. 5
6. 6
7. 7
8. 8
9. 9
10. 10",Opinion-Dependent,"{'1': '25.00%', '2': '10.00%', '3': '15.00%', '4': '20.00%', '5': '10.00%', '6': '5.00%', '7': '5.00%', '8': '5.00%', '9': '2.50%', '10': '2.50%'}"
Q107,Where would you place your view on the following statement: Private ownership of business and industry should be increased or government ownership of business and industry should be increased? 1 means 'private ownership of business and industry should be increased' and 10 means 'government ownership of business and industry should be increased',"['1', '2', '3', '4', '5', '6', '7', '8', '9', '10']","['1', '2', '3', '4', '5', '6', '7', '8', '9', '10']","1. 1
2. 2
3. 3
4. 4
5. 5
6. 6
7. 7
8. 8
9. 9
10. 10",Opinion-Dependent,"{'1': '5.00%', '2': '10.00%', '3': '15.00%', '4': '20.00%', '5': '15.00%', '6': '10.00%', '7': '5.00%', '8': '5.00%', '9': '5.00%', '10': '10.00%'}"
Q108,Where would you place your view on the following statement: Government should take more responsibility to ensure that everyone is provided for or people should take more responsibility to provide for themselves? 1 means 'government should take more responsibility to ensure that everyone is provided for' and 10 means 'people should take more responsibility to provide for themselves',"['1', '2', '3', '4', '5', '6', '7', '8', '9', '10']","['1', '2', '3', '4', '5', '6', '7', '8', '9', '10']","1. 1
2. 2
3. 3
4. 4
5. 5
6. 6
7. 7
8. 8
9. 9
10. 10",Opinion-Dependent,"{'1': '15.00%', '2': '10.00%', '3': '20.00%', '4': '15.00%', '5': '10.00%', '6': '5.00%', '7': '5.00%', '8': '5.00%', '9': '5.00%', '10': '10.00%'}"
Q109,Where would you place your view on the following statement: Competition is good or competition is harmful? 1 means 'competition is good' and 10 means 'competition is harmful',"['1', '2', '3', '4', '5', '6', '7', '8', '9', '10']","['1', '2', '3', '4', '5', '6', '7', '8', '9', '10']","1. 1
2. 2
3. 3
4. 4
5. 5
6. 6
7. 7
8. 8
9. 9
10. 10",Opinion-Dependent,"{'1': '40.00%', '2': '15.00%', '3': '10.00%', '4': '8.00%', '5': '12.00%', '6': '5.00%', '7': '3.00%', '8': '2.00%', '9': '2.00%', '10': '3.00%'}"
Q110,"Where would you place your view on the following statement: In the long run, hard work usually brings a better life or hard work doesn’t generally bring success—it's more a matter of luck and connections? 1 means 'in the long run, hard work usually brings a better life' and 10 means 'hard work doesn’t generally bring success—it's more a matter of luck and connections'","['1', '2', '3', '4', '5', '6', '7', '8', '9', '10']","['1', '2', '3', '4', '5', '6', '7', '8', '9', '10']","1. 1
2. 2
3. 3
4. 4
5. 5
6. 6
7. 7
8. 8
9. 9
10. 10",Opinion-Dependent,"{'1': '5.00%', '2': '10.00%', '3': '15.00%', '4': '20.00%', '5': '15.00%', '6': '10.00%', '7': '5.00%', '8': '5.00%', '9': '5.00%', '10': '10.00%'}"
Q111,Which of the following statements comes closer to your own point of view regarding the environment and economic growth?,"['Protecting the environment should be given priority, even if it causes slower economic growth and some loss of jobs.', 'Economic growth and creating jobs should be the top priority, even if the environment suffers to some extent.', 'Other answer']","['1', '2', '3']","1. Protecting the environment should be given priority, even if it causes slower economic growth and some loss of jobs.
2. Economic growth and creating jobs should be the top priority, even if the environment suffers to some extent.
3. Other answer",Opinion-Dependent,"{'1': '60.00%', '2': '30.00%', '3': '10.00%'}"
Q112,"How would you rate the level of corruption in your country on a 10-point scale, where 1 means 'there is no corruption in my country' and 10 means 'there is abundant corruption in my country'?","['1', '2', '3', '4', '5', '6', '7', '8', '9', '10']","['1', '2', '3', '4', '5', '6', '7', '8', '9', '10']","1. 1
2. 2
3. 3
4. 4
5. 5
6. 6
7. 7
8. 8
9. 9
10. 10",Culture-Dependent,"{'1': '2.50%', '2': '5.00%', '3': '10.00%', '4': '15.00%', '5': '20.00%', '6': '15.00%', '7': '10.00%', '8': '8.00%', '9': '5.00%', '10': '10.00%'}"
Q113,How many state authorities do you believe are involved in corruption?,"['None of them', 'Few of them', 'Most of them', 'All of them']","['1', '2', '3', '4']","1. None of them
2. Few of them
3. Most of them
4. All of them",Opinion-Dependent,"{'1': '10.00%', '2': '25.00%', '3': '40.00%', '4': '25.00%'}"
Q114,How many business executives do you believe are involved in corruption?,"['None of them', 'Few of them', 'Most of them', 'All of them']","['1', '2', '3', '4']","1. None of them
2. Few of them
3. Most of them
4. All of them",Opinion-Dependent,"{'1': '5.00%', '2': '25.00%', '3': '55.00%', '4': '15.00%'}"
Q115,How many local authorities do you believe are involved in corruption?,"['None of them', 'Few of them', 'Most of them', 'All of them']","['1', '2', '3', '4']","1. None of them
2. Few of them
3. Most of them
4. All of them",Opinion-Dependent,"{'1': '10.00%', '2': '40.00%', '3': '40.00%', '4': '10.00%'}"
Q116,"How many civil service providers (police, judiciary, civil servants, doctors, teachers) do you believe are involved in corruption?","['None of them', 'Few of them', 'Most of them', 'All of them']","['1', '2', '3', '4']","1. None of them
2. Few of them
3. Most of them
4. All of them",Opinion-Dependent,"{'1': '10.00%', '2': '40.00%', '3': '40.00%', '4': '10.00%'}"
Q117,How many journalists and media do you believe are involved in corruption?,"['None of them', 'Few of them', 'Most of them', 'All of them']","['1', '2', '3', '4']","1. None of them
2. Few of them
3. Most of them
4. All of them",Opinion-Dependent,"{'1': '10.00%', '2': '40.00%', '3': '45.00%', '4': '5.00%'}"
Q119,"How strongly do you agree or disagree with the following statement: 'On the whole, women are less corrupt than men'?","['Strongly agree', 'Agree', 'Disagree', 'Strongly disagree', 'Hard to say']","['1', '2', '3', '4', '0']","1. Strongly agree
2. Agree
3. Disagree
4. Strongly disagree
0. Hard to say",Opinion-Dependent,"{'1': '40.00%', '2': '30.00%', '3': '15.00%', '4': '5.00%', '0': '10.00%'}"
Q120,"How high do you think the risk is in this country to be held accountable for giving or receiving a bribe, gift, or favor in return for public service, on a scale where 1 means 'no risk at all' and 10 means 'very high risk'?","['1', '2', '3', '4', '5', '6', '7', '8', '9', '10']","['1', '2', '3', '4', '5', '6', '7', '8', '9', '10']","1. 1
2. 2
3. 3
4. 4
5. 5
6. 6
7. 7
8. 8
9. 9
10. 10",Culture-Dependent,"{'1': '5.00%', '2': '5.00%', '3': '10.00%', '4': '15.00%', '5': '20.00%', '6': '15.00%', '7': '10.00%', '8': '5.00%', '9': '5.00%', '10': '10.00%'}"
Q121,How would you evaluate the impact of immigrants on the development of your country?,"['Very bad', 'Quite bad', 'Neither good nor bad', 'Quite good', 'Very good']","['1', '2', '3', '4', '5']","1. Very bad
2. Quite bad
3. Neither good nor bad
4. Quite good
5. Very good",Culture-Dependent,"{'1': '10.00%', '2': '20.00%', '3': '30.00%', '4': '25.00%', '5': '15.00%'}"
Q122,Do you agree or disagree with the following statement: Immigration fills important job vacancies?,"['Agree', 'Hard to say', 'Disagree']","['2', '1', '0']","2. Agree
1. Hard to say
0. Disagree",Opinion-Dependent,"{'0': '40.00%', '1': '20.00%', '2': '40.00%'}"
Q123,Do you agree or disagree with the following statement: Immigration strengthens cultural diversity?,"['Agree', 'Hard to say', 'Disagree']","['2', '1', '0']","2. Agree
1. Hard to say
0. Disagree",Opinion-Dependent,"{'2': '65.12%', '1': '21.45%', '0': '13.43%'}"
Q124,Do you agree or disagree with the following statement: Immigration increases the crime rate?,"['Agree', 'Hard to say', 'Disagree']","['2', '1', '0']","2. Agree
1. Hard to say
0. Disagree",Opinion-Dependent,"{'0': '60.00%', '1': '20.00%', '2': '20.00%'}"
Q125,Do you agree or disagree with the following statement: Immigration gives asylum to political refugees who are persecuted elsewhere?,"['Agree', 'Hard to say', 'Disagree']","['2', '1', '0']","2. Agree
1. Hard to say
0. Disagree",Opinion-Dependent,"{'2': '85.00%', '1': '10.00%', '0': '5.00%'}"
Q126,Do you agree or disagree with the following statement: Immigration increases the risks of terrorism?,"['Agree', 'Hard to say', 'Disagree']","['2', '1', '0']","2. Agree
1. Hard to say
0. Disagree",Opinion-Dependent,"{'0': '45.12%', '1': '26.51%', '2': '28.37%'}"
Q127,Do you agree or disagree with the following statement: Immigration offers people from poor countries a better living?,"['Agree', 'Hard to say', 'Disagree']","['2', '1', '0']","2. Agree
1. Hard to say
0. Disagree",Opinion-Dependent,"{'2': '70.00%', '1': '15.00%', '0': '15.00%'}"
Q128,Do you agree or disagree with the following statement: Immigration increases unemployment?,"['Agree', 'Hard to say', 'Disagree']","['2', '1', '0']","2. Agree
1. Hard to say
0. Disagree",Opinion-Dependent,"{'0': '40.00%', '1': '30.00%', '2': '30.00%'}"
Q129,Do you agree or disagree with the following statement: Immigration leads to social conflict?,"['Agree', 'Hard to say', 'Disagree']","['2', '1', '0']","2. Agree
1. Hard to say
0. Disagree",Opinion-Dependent,"{'0': '45.12%', '1': '26.51%', '2': '28.37%'}"
Q130,What do you think the government should do about people from other countries coming here to work?,"['Let anyone come who wants to', 'Let people come as long as there are jobs available', 'Place strict limits on the number of foreigners who can come here', 'Prohibit people coming here from other countries']","['1', '2', '3', '4']","1. Let anyone come who wants to
2. Let people come as long as there are jobs available
3. Place strict limits on the number of foreigners who can come here
4. Prohibit people coming here from other countries",Culture-Dependent,"{'1': '15.00%', '2': '50.00%', '3': '25.00%', '4': '10.00%'}"
Q131,How secure do you feel these days?,"['Very secure', 'Quite secure', 'Not very secure', 'Not at all secure']","['1', '2', '3', '4']","1. Very secure
2. Quite secure
3. Not very secure
4. Not at all secure",Opinion-Dependent,"{'1': '45.12%', '2': '31.41%', '3': '17.25%', '4': '6.22%'}"
Q142,To what degree are you worried about losing your job or not finding a job?,"['Very much', 'A good deal', 'Not much', 'Not at all']","['1', '2', '3', '4']","1. Very much
2. A good deal
3. Not much
4. Not at all",Opinion-Dependent,"{'1': '40.00%', '2': '30.00%', '3': '20.00%', '4': '10.00%'}"
Q146,To what degree are you worried about a war involving your country?,"['Very much', 'A good deal', 'Not much', 'Not at all']","['1', '2', '3', '4']","1. Very much
2. A good deal
3. Not much
4. Not at all",Culture-Dependent,"{'1': '40.00%', '2': '30.00%', '3': '20.00%', '4': '10.00%'}"
Q147,To what degree are you worried about a terrorist attack?,"['Very much', 'A good deal', 'Not much', 'Not at all']","['1', '2', '3', '4']","1. Very much
2. A good deal
3. Not much
4. Not at all",Opinion-Dependent,"{'1': '40.00%', '2': '30.00%', '3': '20.00%', '4': '10.00%'}"
Q148,To what degree are you worried about a civil war?,"['Very much', 'A good deal', 'Not much', 'Not at all']","['1', '2', '3', '4']","1. Very much
2. A good deal
3. Not much
4. Not at all",Opinion-Dependent,"{'1': '40.00%', '2': '30.00%', '3': '20.00%', '4': '10.00%'}"
Q149,"If you had to choose between freedom and equality, which one would you consider more important?","['Freedom', 'Equality']","['1', '2']","1. Freedom
2. Equality",Opinion-Dependent,"{'1': '60.00%', '2': '40.00%'}"
Q150,"If you had to choose between freedom and security, which one would you consider more important?","['Freedom', 'Security']","['1', '2']","1. Freedom
2. Security",Opinion-Dependent,"{'1': '60.00%', '2': '40.00%'}"
Q151,"If there were to be another war, would you be willing to fight for your country?","['Yes', 'No']","['1', '2']","1. Yes
2. No",Culture-Dependent,"{'1': '73.21%', '2': '26.79%'}"
Q158,"How much do you agree or disagree with the statement: 'Science and technology are making our lives healthier, easier, and more comfortable'? 1 means 'Completely disagree' and 10 means 'Completely agree'","['1', '2', '3', '4', '5', '6', '7', '8', '9', '10']","['1', '2', '3', '4', '5', '6', '7', '8', '9', '10']","1. 1
2. 2
3. 3
4. 4
5. 5
6. 6
7. 7
8. 8
9. 9
10. 10",Opinion-Dependent,"{'1': '2.50%', '2': '5.00%', '3': '10.00%', '4': '15.00%', '5': '20.00%', '6': '15.00%', '7': '10.00%', '8': '8.00%', '9': '5.00%', '10': '10.00%'}"
Q159,"How much do you agree or disagree with the statement: 'Because of science and technology, there will be more opportunities for the next generation'? 1 means 'Completely disagree' and 10 means 'Completely agree'","['1', '2', '3', '4', '5', '6', '7', '8', '9', '10']","['1', '2', '3', '4', '5', '6', '7', '8', '9', '10']","1. 1
2. 2
3. 3
4. 4
5. 5
6. 6
7. 7
8. 8
9. 9
10. 10",Opinion-Dependent,"{'1': '5.00%', '2': '5.00%', '3': '10.00%', '4': '15.00%', '5': '20.00%', '6': '15.00%', '7': '10.00%', '8': '5.00%', '9': '5.00%', '10': '10.00%'}"
Q160,How much do you agree or disagree with the statement: 'We depend too much on science and not enough on faith'? 1 means 'Completely disagree' and 10 means 'Completely agree',"['1', '2', '3', '4', '5', '6', '7', '8', '9', '10']","['1', '2', '3', '4', '5', '6', '7', '8', '9', '10']","1. 1
2. 2
3. 3
4. 4
5. 5
6. 6
7. 7
8. 8
9. 9
10. 10",Opinion-Dependent,"{'1': '10.00%', '2': '15.00%', '3': '20.00%', '4': '15.00%', '5': '10.00%', '6': '5.00%', '7': '5.00%', '8': '5.00%', '9': '5.00%', '10': '10.00%'}"
Q161,How much do you agree or disagree with the statement: 'One of the bad effects of science is that it breaks down people’s ideas of right and wrong'? 1 means 'Completely disagree' and 10 means 'Completely agree',"['1', '2', '3', '4', '5', '6', '7', '8', '9', '10']","['1', '2', '3', '4', '5', '6', '7', '8', '9', '10']","1. 1
2. 2
3. 3
4. 4
5. 5
6. 6
7. 7
8. 8
9. 9
10. 10",Opinion-Dependent,"{'1': '15.00%', '2': '10.00%', '3': '20.00%', '4': '15.00%', '5': '10.00%', '6': '5.00%', '7': '5.00%', '8': '5.00%', '9': '5.00%', '10': '10.00%'}"
Q162,How much do you agree or disagree with the statement: 'It is not important for me to know about science in my daily life'? 1 means 'Completely disagree' and 10 means 'Completely agree',"['1', '2', '3', '4', '5', '6', '7', '8', '9', '10']","['1', '2', '3', '4', '5', '6', '7', '8', '9', '10']","1. 1
2. 2
3. 3
4. 4
5. 5
6. 6
7. 7
8. 8
9. 9
10. 10",Opinion-Dependent,"{'1': '40.00%', '2': '20.00%', '3': '15.00%', '4': '10.00%', '5': '5.00%', '6': '3.00%', '7': '2.00%', '8': '2.00%', '9': '1.00%', '10': '2.00%'}"
Q163,"All things considered, would you say that the world is better off or worse off because of science and technology, where 1 means 'the world is a lot worse off' and 10 means 'the world is a lot better off'?","['1', '2', '3', '4', '5', '6', '7', '8', '9', '10']","['1', '2', '3', '4', '5', '6', '7', '8', '9', '10']","1. 1
2. 2
3. 3
4. 4
5. 5
6. 6
7. 7
8. 8
9. 9
10. 10",Opinion-Dependent,"{'1': '2.50%', '2': '5.00%', '3': '10.00%', '4': '15.00%', '5': '20.00%', '6': '15.00%', '7': '10.00%', '8': '5.00%', '9': '5.00%', '10': '12.50%'}"
Q164,"How important is God in your life? Please rate on a scale from 1 to 10, where 1 means 'not at all important' and 10 means 'very important'.","['1', '2', '3', '4', '5', '6', '7', '8', '9', '10']","['1', '2', '3', '4', '5', '6', '7', '8', '9', '10']","1. 1
2. 2
3. 3
4. 4
5. 5
6. 6
7. 7
8. 8
9. 9
10. 10",Opinion-Dependent,"{'1': '5.00%', '2': '2.50%', '3': '5.00%', '4': '10.00%', '5': '15.00%', '6': '20.00%', '7': '15.00%', '8': '10.00%', '9': '5.00%', '10': '12.50%'}"
Q165,Do you believe in God?,"['Yes', 'No']","['1', '2']","1. Yes
2. No",Opinion-Dependent,"{'1': '85.00%', '2': '15.00%'}"
Q166,Do you believe in life after death?,"['Yes', 'No']","['1', '2']","1. Yes
2. No",Opinion-Dependent,"{'1': '65.12%', '2': '34.88%'}"
Q167,Do you believe in hell?,"['Yes', 'No']","['1', '2']","1. Yes
2. No",Opinion-Dependent,"{'1': '70.00%', '2': '30.00%'}"
Q168,Do you believe in heaven?,"['Yes', 'No']","['1', '2']","1. Yes
2. No",Opinion-Dependent,"{'1': '85.71%', '2': '14.29%'}"
Q169,"Do you strongly agree, agree, disagree, or strongly disagree with the statement: 'Whenever science and religion conflict, religion is always right'?","['Strongly agree', 'Agree', 'Disagree', 'Strongly disagree']","['1', '2', '3', '4']","1. Strongly agree
2. Agree
3. Disagree
4. Strongly disagree",Opinion-Dependent,"{'1': '5.00%', '2': '15.00%', '3': '40.00%', '4': '40.00%'}"
Q170,"Do you strongly agree, agree, disagree, or strongly disagree with the statement: 'The only acceptable religion is my religion'?","['Strongly agree', 'Agree', 'Disagree', 'Strongly disagree']","['1', '2', '3', '4']","1. Strongly agree
2. Agree
3. Disagree
4. Strongly disagree",Opinion-Dependent,"{'1': '5.00%', '2': '10.00%', '3': '20.00%', '4': '65.00%'}"
Q173,"Independently of whether you attend religious services or not, would you say you are…?","['A religious person', 'Not a religious person', 'An atheist']","['1', '2', '3']","1. A religious person
2. Not a religious person
3. An atheist",Opinion-Dependent,"{'1': '65.12%', '2': '29.15%', '3': '5.73%'}"
Q174,With which one of the following statements do you agree most? The basic meaning of religion is:,"['To follow religious norms and ceremonies', 'To do good to other people']","['1', '2']","1. To follow religious norms and ceremonies
2. To do good to other people",Opinion-Dependent,"{'1': '40.00%', '2': '60.00%'}"
Q175,With which one of the following statements do you agree most? The basic meaning of religion is:,"['To make sense of life after death', 'To make sense of life in this world']","['1', '2']","1. To make sense of life after death
2. To make sense of life in this world",Opinion-Dependent,"{'1': '40.00%', '2': '60.00%'}"
Q176,"How much do you agree or disagree with the statement that nowadays one often has trouble deciding which moral rules are the right ones to follow? 1 means completely agree, 10 means completely disagree","['1', '2', '3', '4', '5', '6', '7', '8', '9', '10']","['1', '2', '3', '4', '5', '6', '7', '8', '9', '10']","1. 1
2. 2
3. 3
4. 4
5. 5
6. 6
7. 7
8. 8
9. 9
10. 10",Opinion-Dependent,"{'1': '40.00%', '2': '20.00%', '3': '15.00%', '4': '10.00%', '5': '5.00%', '6': '3.00%', '7': '2.00%', '8': '2.00%', '9': '1.00%', '10': '2.00%'}"
Q177,"Do you think claiming government benefits to which you are not entitled can be justified? 1 means 'Never justified', 10 means 'Always justified'","['1', '2', '3', '4', '5', '6', '7', '8', '9', '10']","['1', '2', '3', '4', '5', '6', '7', '8', '9', '10']","1. 1
2. 2
3. 3
4. 4
5. 5
6. 6
7. 7
8. 8
9. 9
10. 10",Opinion-Dependent,"{'1': '65.12%', '2': '10.25%', '3': '8.51%', '4': '5.62%', '5': '3.19%', '6': '2.15%', '7': '1.82%', '8': '1.39%', '9': '0.95%', '10': '0.05%'}"
Q178,"Do you think avoiding a fare on public transport can be justified? 1 means 'Never justified', 10 means 'Always justified'","['1', '2', '3', '4', '5', '6', '7', '8', '9', '10']","['1', '2', '3', '4', '5', '6', '7', '8', '9', '10']","1. 1
2. 2
3. 3
4. 4
5. 5
6. 6
7. 7
8. 8
9. 9
10. 10",Opinion-Dependent,"{'1': '65.12%', '2': '10.25%', '3': '8.51%', '4': '5.62%', '5': '3.19%', '6': '2.35%', '7': '1.82%', '8': '1.41%', '9': '0.83%', '10': '0.90%'}"
Q179,"Do you think stealing property can be justified? 1 means 'Never justified', 10 means 'Always justified'","['1', '2', '3', '4', '5', '6', '7', '8', '9', '10']","['1', '2', '3', '4', '5', '6', '7', '8', '9', '10']","1. 1
2. 2
3. 3
4. 4
5. 5
6. 6
7. 7
8. 8
9. 9
10. 10",Opinion-Dependent,"{'1': '83.21%', '2': '6.52%', '3': '4.19%', '4': '2.58%', '5': '1.35%', '6': '0.81%', '7': '0.51%', '8': '0.31%', '9': '0.21%', '10': '0.11%'}"
Q180,"Do you think cheating on taxes if you have a chance can be justified? 1 means 'Never justified', 10 means 'Always justified'","['1', '2', '3', '4', '5', '6', '7', '8', '9', '10']","['1', '2', '3', '4', '5', '6', '7', '8', '9', '10']","1. 1
2. 2
3. 3
4. 4
5. 5
6. 6
7. 7
8. 8
9. 9
10. 10",Opinion-Dependent,"{'1': '83.21%', '2': '6.52%', '3': '4.19%', '4': '2.58%', '5': '1.35%', '6': '0.81%', '7': '0.51%', '8': '0.31%', '9': '0.21%', '10': '0.11%'}"
Q181,"Do you think someone accepting a bribe in the course of their duties can be justified? 1 means 'Never justified', 10 means 'Always justified'","['1', '2', '3', '4', '5', '6', '7', '8', '9', '10']","['1', '2', '3', '4', '5', '6', '7', '8', '9', '10']","1. 1
2. 2
3. 3
4. 4
5. 5
6. 6
7. 7
8. 8
9. 9
10. 10",Opinion-Dependent,"{'1': '83.21%', '2': '6.52%', '3': '4.19%', '4': '2.58%', '5': '1.35%', '6': '0.81%', '7': '0.51%', '8': '0.31%', '9': '0.21%', '10': '0.11%'}"
Q182,"Do you think homosexuality can be justified? 1 means 'Never justified', 10 means 'Always justified'","['1', '2', '3', '4', '5', '6', '7', '8', '9', '10']","['1', '2', '3', '4', '5', '6', '7', '8', '9', '10']","1. 1
2. 2
3. 3
4. 4
5. 5
6. 6
7. 7
8. 8
9. 9
10. 10",Opinion-Dependent,"{'1': '43.21%', '2': '10.53%', '3': '12.19%', '4': '8.29%', '5': '6.38%', '6': '4.91%', '7': '3.51%', '8': '2.47%', '9': '1.78%', '10': '6.22%'}"
Q183,"Do you think prostitution can be justified? 1 means 'Never justified', 10 means 'Always justified'","['1', '2', '3', '4', '5', '6', '7', '8', '9', '10']","['1', '2', '3', '4', '5', '6', '7', '8', '9', '10']","1. 1
2. 2
3. 3
4. 4
5. 5
6. 6
7. 7
8. 8
9. 9
10. 10",Opinion-Dependent,"{'1': '63.21%', '2': '10.53%', '3': '8.29%', '4': '5.88%', '5': '4.91%', '6': '2.47%', '7': '1.78%', '8': '1.18%', '9': '0.59%', '10': '0.24%'}"
Q184,"Do you think abortion can be justified? 1 means 'Never justified', 10 means 'Always justified'","['1', '2', '3', '4', '5', '6', '7', '8', '9', '10']","['1', '2', '3', '4', '5', '6', '7', '8', '9', '10']","1. 1
2. 2
3. 3
4. 4
5. 5
6. 6
7. 7
8. 8
9. 9
10. 10",Opinion-Dependent,"{'1': '5.00%', '2': '10.00%', '3': '15.00%', '4': '20.00%', '5': '15.00%', '6': '10.00%', '7': '5.00%', '8': '5.00%', '9': '5.00%', '10': '10.00%'}"
Q185,"Do you think divorce can be justified? 1 means 'Never justified', 10 means 'Always justified'","['1', '2', '3', '4', '5', '6', '7', '8', '9', '10']","['1', '2', '3', '4', '5', '6', '7', '8', '9', '10']","1. 1
2. 2
3. 3
4. 4
5. 5
6. 6
7. 7
8. 8
9. 9
10. 10",Opinion-Dependent,"{'1': '5.00%', '2': '5.00%', '3': '10.00%', '4': '15.00%', '5': '20.00%', '6': '15.00%', '7': '10.00%', '8': '5.00%', '9': '5.00%', '10': '10.00%'}"
Q186,"Do you think sex before marriage can be justified? 1 means 'Never justified', 10 means 'Always justified'","['1', '2', '3', '4', '5', '6', '7', '8', '9', '10']","['1', '2', '3', '4', '5', '6', '7', '8', '9', '10']","1. 1
2. 2
3. 3
4. 4
5. 5
6. 6
7. 7
8. 8
9. 9
10. 10",Opinion-Dependent,"{'1': '10.00%', '2': '5.00%', '3': '15.00%', '4': '20.00%', '5': '15.00%', '6': '10.00%', '7': '5.00%', '8': '5.00%', '9': '5.00%', '10': '10.00%'}"
Q187,"Do you think suicide can be justified? 1 means 'Never justified', 10 means 'Always justified'","['1', '2', '3', '4', '5', '6', '7', '8', '9', '10']","['1', '2', '3', '4', '5', '6', '7', '8', '9', '10']","1. 1
2. 2
3. 3
4. 4
5. 5
6. 6
7. 7
8. 8
9. 9
10. 10",Opinion-Dependent,"{'1': '85.00%', '2': '5.00%', '3': '3.00%', '4': '2.00%', '5': '1.50%', '6': '1.00%', '7': '0.50%', '8': '0.50%', '9': '0.50%', '10': '0.00%'}"
Q188,"Do you think euthanasia can be justified? 1 means 'Never justified', 10 means 'Always justified'","['1', '2', '3', '4', '5', '6', '7', '8', '9', '10']","['1', '2', '3', '4', '5', '6', '7', '8', '9', '10']","1. 1
2. 2
3. 3
4. 4
5. 5
6. 6
7. 7
8. 8
9. 9
10. 10",Opinion-Dependent,"{'1': '10.00%', '2': '5.00%', '3': '15.00%', '4': '20.00%', '5': '15.00%', '6': '10.00%', '7': '5.00%', '8': '5.00%', '9': '5.00%', '10': '10.00%'}"
Q189,"Do you think it can be justified for a man to beat his wife? 1 means 'Never justified', 10 means 'Always justified'","['1', '2', '3', '4', '5', '6', '7', '8', '9', '10']","['1', '2', '3', '4', '5', '6', '7', '8', '9', '10']","1. 1
2. 2
3. 3
4. 4
5. 5
6. 6
7. 7
8. 8
9. 9
10. 10",Opinion-Dependent,"{'1': '95.00%', '2': '3.00%', '3': '1.00%', '4': '0.50%', '5': '0.20%', '6': '0.10%', '7': '0.05%', '8': '0.05%', '9': '0.05%', '10': '0.05%'}"
Q190,"Do you think it can be justified for parents to beat their children? 1 means 'Never justified', 10 means 'Always justified'","['1', '2', '3', '4', '5', '6', '7', '8', '9', '10']","['1', '2', '3', '4', '5', '6', '7', '8', '9', '10']","1. 1
2. 2
3. 3
4. 4
5. 5
6. 6
7. 7
8. 8
9. 9
10. 10",Opinion-Dependent,"{'1': '83.21%', '2': '8.53%', '3': '3.19%', '4': '2.15%', '5': '1.42%', '6': '0.81%', '7': '0.41%', '8': '0.21%', '9': '0.11%', '10': '0.05%'}"
Q191,"Do you think violence against other people can be justified? 1 means 'Never justified', 10 means 'Always justified'","['1', '2', '3', '4', '5', '6', '7', '8', '9', '10']","['1', '2', '3', '4', '5', '6', '7', '8', '9', '10']","1. 1
2. 2
3. 3
4. 4
5. 5
6. 6
7. 7
8. 8
9. 9
10. 10",Opinion-Dependent,"{'1': '83.21%', '2': '6.52%', '3': '4.19%', '4': '2.58%', '5': '1.35%', '6': '0.81%', '7': '0.51%', '8': '0.31%', '9': '0.21%', '10': '0.11%'}"
Q192,"Do you think terrorism as a political, ideological or religious means can be justified? 1 means 'Never justified', 10 means 'Always justified'","['1', '2', '3', '4', '5', '6', '7', '8', '9', '10']","['1', '2', '3', '4', '5', '6', '7', '8', '9', '10']","1. 1
2. 2
3. 3
4. 4
5. 5
6. 6
7. 7
8. 8
9. 9
10. 10",Opinion-Dependent,"{'1': '95.00%', '2': '2.50%', '3': '1.00%', '4': '0.50%', '5': '0.50%', '6': '0.25%', '7': '0.25%', '8': '0.00%', '9': '0.00%', '10': '0.00%'}"
Q193,"Do you think having casual sex can be justified? 1 means 'Never justified', 10 means 'Always justified'","['1', '2', '3', '4', '5', '6', '7', '8', '9', '10']","['1', '2', '3', '4', '5', '6', '7', '8', '9', '10']","1. 1
2. 2
3. 3
4. 4
5. 5
6. 6
7. 7
8. 8
9. 9
10. 10",Opinion-Dependent,"{'1': '45.12%', '2': '21.15%', '3': '13.42%', '4': '6.51%', '5': '4.21%', '6': '3.18%', '7': '2.56%', '8': '1.85%', '9': '1.42%', '10': '0.58%'}"
Q194,"Do you think political violence can be justified? 1 means 'Never justified', 10 means 'Always justified'","['1', '2', '3', '4', '5', '6', '7', '8', '9', '10']","['1', '2', '3', '4', '5', '6', '7', '8', '9', '10']","1. 1
2. 2
3. 3
4. 4
5. 5
6. 6
7. 7
8. 8
9. 9
10. 10",Opinion-Dependent,"{'1': '83.21%', '2': '6.52%', '3': '4.19%', '4': '2.58%', '5': '1.35%', '6': '0.85%', '7': '0.51%', '8': '0.29%', '9': '0.19%', '10': '0.31%'}"
Q195,"Do you think the death penalty can be justified? 1 means 'Never justified', 10 means 'Always justified'","['1', '2', '3', '4', '5', '6', '7', '8', '9', '10']","['1', '2', '3', '4', '5', '6', '7', '8', '9', '10']","1. 1
2. 2
3. 3
4. 4
5. 5
6. 6
7. 7
8. 8
9. 9
10. 10",Opinion-Dependent,"{'1': '5.00%', '2': '10.00%', '3': '15.00%', '4': '20.00%', '5': '15.00%', '6': '10.00%', '7': '5.00%', '8': '5.00%', '9': '5.00%', '10': '10.00%'}"
Q196,Do you think that your country's government should have the right to keep people under video surveillance in public areas?,"['Definitely should have the right', 'Probably should have the right', 'Probably should not have the right', 'Definitely should not have the right']","['1', '2', '3', '4']","1. Definitely should have the right
2. Probably should have the right
3. Probably should not have the right
4. Definitely should not have the right",Culture-Dependent,"{'1': '15.00%', '2': '25.00%', '3': '30.00%', '4': '30.00%'}"
Q197,Do you think that your country's government should have the right to monitor all e-mails and any other information exchanged on the Internet?,"['Definitely should have the right', 'Probably should have the right', 'Probably should not have the right', 'Definitely should not have the right']","['1', '2', '3', '4']","1. Definitely should have the right
2. Probably should have the right
3. Probably should not have the right
4. Definitely should not have the right",Culture-Dependent,"{'1': '15.00%', '2': '25.00%', '3': '30.00%', '4': '30.00%'}"
Q198,Do you think that your country's government should have the right to collect information about anyone living in this country without their knowledge?,"['Definitely should have the right', 'Probably should have the right', 'Probably should not have the right', 'Definitely should not have the right']","['1', '2', '3', '4']","1. Definitely should have the right
2. Probably should have the right
3. Probably should not have the right
4. Definitely should not have the right",Culture-Dependent,"{'1': '15.00%', '2': '25.00%', '3': '30.00%', '4': '30.00%'}"
Q199,How interested would you say you are in politics?,"['Very interested', 'Somewhat interested', 'Not very interested', 'Not at all interested']","['1', '2', '3', '4']","1. Very interested
2. Somewhat interested
3. Not very interested
4. Not at all interested",Opinion-Dependent,"{'1': '15.00%', '2': '40.00%', '3': '30.00%', '4': '15.00%'}"
Q224,"In your view, how often are votes counted fairly in this country's elections?","['Very often', 'Fairly often', 'Not often', 'Not at all often']","['1', '2', '3', '4']","1. Very often
2. Fairly often
3. Not often
4. Not at all often",Culture-Dependent,"{'1': '40.00%', '2': '30.00%', '3': '20.00%', '4': '10.00%'}"
Q225,"In your view, how often are opposition candidates prevented from running in this country's elections?","['Very often', 'Fairly often', 'Not often', 'Not at all often']","['1', '2', '3', '4']","1. Very often
2. Fairly often
3. Not often
4. Not at all often",Culture-Dependent,"{'1': '40.00%', '2': '30.00%', '3': '20.00%', '4': '10.00%'}"
Q226,"In your view, how often does TV news favor the governing party in this country's elections?","['Very often', 'Fairly often', 'Not often', 'Not at all often']","['1', '2', '3', '4']","1. Very often
2. Fairly often
3. Not often
4. Not at all often",Culture-Dependent,"{'1': '40.00%', '2': '30.00%', '3': '20.00%', '4': '10.00%'}"
Q227,"In your view, how often are voters bribed in this country's elections?","['Very often', 'Fairly often', 'Not often', 'Not at all often']","['1', '2', '3', '4']","1. Very often
2. Fairly often
3. Not often
4. Not at all often",Culture-Dependent,"{'1': '40.00%', '2': '30.00%', '3': '20.00%', '4': '10.00%'}"
Q228,"In your view, how often do journalists provide fair coverage of elections in this country?","['Very often', 'Fairly often', 'Not often', 'Not at all often']","['1', '2', '3', '4']","1. Very often
2. Fairly often
3. Not often
4. Not at all often",Culture-Dependent,"{'1': '15.00%', '2': '40.00%', '3': '30.00%', '4': '15.00%'}"
Q229,"In your view, how often are election officials fair in this country's elections?","['Very often', 'Fairly often', 'Not often', 'Not at all often']","['1', '2', '3', '4']","1. Very often
2. Fairly often
3. Not often
4. Not at all often",Culture-Dependent,"{'1': '40.00%', '2': '30.00%', '3': '20.00%', '4': '10.00%'}"
Q230,"In your view, how often do rich people buy elections in this country?","['Very often', 'Fairly often', 'Not often', 'Not at all often']","['1', '2', '3', '4']","1. Very often
2. Fairly often
3. Not often
4. Not at all often",Culture-Dependent,"{'1': '40.00%', '2': '30.00%', '3': '20.00%', '4': '10.00%'}"
Q231,"In your view, how often are voters threatened with violence at the polls in this country?","['Very often', 'Fairly often', 'Not often', 'Not at all often']","['1', '2', '3', '4']","1. Very often
2. Fairly often
3. Not often
4. Not at all often",Culture-Dependent,"{'1': '5.00%', '2': '10.00%', '3': '40.00%', '4': '45.00%'}"
Q232,"In your view, how often are voters offered a genuine choice in this country's elections?","['Very often', 'Fairly often', 'Not often', 'Not at all often']","['1', '2', '3', '4']","1. Very often
2. Fairly often
3. Not often
4. Not at all often",Culture-Dependent,"{'1': '15.00%', '2': '40.00%', '3': '30.00%', '4': '15.00%'}"
Q233,"In your view, how often do women have equal opportunities to run for office in this country's elections?","['Very often', 'Fairly often', 'Not often', 'Not at all often']","['1', '2', '3', '4']","1. Very often
2. Fairly often
3. Not often
4. Not at all often",Culture-Dependent,"{'1': '40.00%', '2': '30.00%', '3': '20.00%', '4': '10.00%'}"
Q234,How important would you say having honest elections is for you?,"['Very important', 'Rather important', 'Not very important', 'Not at all important']","['1', '2', '3', '4']","1. Very important
2. Rather important
3. Not very important
4. Not at all important",Opinion-Dependent,"{'1': '73.21%', '2': '21.45%', '3': '4.19%', '4': '1.15%'}"
Q235,What do you think about having a strong leader who does not have to bother with parliament and elections as a way of governing this country?,"['Very good', 'Fairly good', 'Fairly bad', 'Very bad']","['1', '2', '3', '4']","1. Very good
2. Fairly good
3. Fairly bad
4. Very bad",Culture-Dependent,"{'1': '15.00%', '2': '25.00%', '3': '30.00%', '4': '30.00%'}"
Q236,"What do you think about having experts, not government, make decisions according to what they think is best for the country as a way of governing this country?","['Very good', 'Fairly good', 'Fairly bad', 'Very bad']","['1', '2', '3', '4']","1. Very good
2. Fairly good
3. Fairly bad
4. Very bad",Culture-Dependent,"{'1': '40.50%', '2': '35.20%', '3': '15.30%', '4': '9.00%'}"
Q237,What do you think about having the army rule as a way of governing this country?,"['Very good', 'Fairly good', 'Fairly bad', 'Very bad']","['1', '2', '3', '4']","1. Very good
2. Fairly good
3. Fairly bad
4. Very bad",Culture-Dependent,"{'1': '5.00%', '2': '15.00%', '3': '40.00%', '4': '40.00%'}"
Q238,What do you think about having a democratic political system as a way of governing this country?,"['Very good', 'Fairly good', 'Fairly bad', 'Very bad']","['1', '2', '3', '4']","1. Very good
2. Fairly good
3. Fairly bad
4. Very bad",Culture-Dependent,"{'1': '73.21%', '2': '21.45%', '3': '3.19%', '4': '2.15%'}"
Q239,What do you think about having a system governed by religious law in which there are no political parties or elections as a way of governing this country?,"['Very good', 'Fairly good', 'Fairly bad', 'Very bad']","['1', '2', '3', '4']","1. Very good
2. Fairly good
3. Fairly bad
4. Very bad",Culture-Dependent,"{'1': '10.50%', '2': '23.20%', '3': '35.80%', '4': '30.50%'}"
Q240,"In political matters, people talk of 'the left' and 'the right.' How would you place your views on this scale, generally speaking? 1 means 'the left' and 10 means 'the right'","['1', '2', '3', '4', '5', '6', '7', '8', '9', '10']","['1', '2', '3', '4', '5', '6', '7', '8', '9', '10']","1. 1
2. 2
3. 3
4. 4
5. 5
6. 6
7. 7
8. 8
9. 9
10. 10",Opinion-Dependent,"{'1': '5.00%', '2': '10.00%', '3': '15.00%', '4': '20.00%', '5': '25.00%', '6': '10.00%', '7': '5.00%', '8': '3.00%', '9': '2.00%', '10': '5.00%'}"
Q241,How essential do you think it is as a characteristic of democracy that governments tax the rich and subsidize the poor? 1 means 'Not an essential characteristic of democracy' and 10 means 'An essential characteristic of democracy',"['1', '2', '3', '4', '5', '6', '7', '8', '9', '10']","['1', '2', '3', '4', '5', '6', '7', '8', '9', '10']","1. 1
2. 2
3. 3
4. 4
5. 5
6. 6
7. 7
8. 8
9. 9
10. 10",Opinion-Dependent,"{'1': '5.00%', '2': '5.00%', '3': '10.00%', '4': '15.00%', '5': '20.00%', '6': '15.00%', '7': '10.00%', '8': '5.00%', '9': '5.00%', '10': '10.00%'}"
Q242,How essential do you think it is as a characteristic of democracy that religious authorities ultimately interpret the laws? 1 means 'Not an essential characteristic of democracy' and 10 means 'An essential characteristic of democracy',"['1', '2', '3', '4', '5', '6', '7', '8', '9', '10']","['1', '2', '3', '4', '5', '6', '7', '8', '9', '10']","1. 1
2. 2
3. 3
4. 4
5. 5
6. 6
7. 7
8. 8
9. 9
10. 10",Opinion-Dependent,"{'1': '63.21%', '2': '10.53%', '3': '6.18%', '4': '4.29%', '5': '3.51%', '6': '2.47%', '7': '2.19%', '8': '1.78%', '9': '1.35%', '10': '4.49%'}"
Q243,How essential do you think it is as a characteristic of democracy that people choose their leaders in free elections? 1 means 'Not an essential characteristic of democracy' and 10 means 'An essential characteristic of democracy',"['1', '2', '3', '4', '5', '6', '7', '8', '9', '10']","['1', '2', '3', '4', '5', '6', '7', '8', '9', '10']","1. 1
2. 2
3. 3
4. 4
5. 5
6. 6
7. 7
8. 8
9. 9
10. 10",Opinion-Dependent,"{'1': '1.50%', '2': '2.20%', '3': '4.50%', '4': '6.80%', '5': '8.10%', '6': '10.30%', '7': '12.20%', '8': '14.50%', '9': '16.30%', '10': '23.65%'}"
Q244,How essential do you think it is as a characteristic of democracy that people receive state aid for unemployment? 1 means 'Not an essential characteristic of democracy' and 10 means 'An essential characteristic of democracy',"['1', '2', '3', '4', '5', '6', '7', '8', '9', '10']","['1', '2', '3', '4', '5', '6', '7', '8', '9', '10']","1. 1
2. 2
3. 3
4. 4
5. 5
6. 6
7. 7
8. 8
9. 9
10. 10",Opinion-Dependent,"{'1': '5.12%', '2': '8.25%', '3': '12.41%', '4': '15.69%', '5': '18.52%', '6': '12.85%', '7': '8.19%', '8': '5.62%', '9': '3.51%', '10': '9.88%'}"
Q245,How essential do you think it is as a characteristic of democracy that the army takes over when government is incompetent? 1 means 'Not an essential characteristic of democracy' and 10 means 'An essential characteristic of democracy',"['1', '2', '3', '4', '5', '6', '7', '8', '9', '10']","['1', '2', '3', '4', '5', '6', '7', '8', '9', '10']","1. 1
2. 2
3. 3
4. 4
5. 5
6. 6
7. 7
8. 8
9. 9
10. 10",Opinion-Dependent,"{'1': '83.21%', '2': '6.15%', '3': '3.42%', '4': '2.19%', '5': '1.53%', '6': '1.02%', '7': '0.81%', '8': '0.51%', '9': '0.35%', '10': '0.81%'}"
Q246,How essential do you think it is as a characteristic of democracy that civil rights protect people from state oppression? 1 means 'Not an essential characteristic of democracy' and 10 means 'An essential characteristic of democracy',"['1', '2', '3', '4', '5', '6', '7', '8', '9', '10']","['1', '2', '3', '4', '5', '6', '7', '8', '9', '10']","1. 1
2. 2
3. 3
4. 4
5. 5
6. 6
7. 7
8. 8
9. 9
10. 10",Opinion-Dependent,"{'1': '2.50%', '2': '5.00%', '3': '10.00%', '4': '15.00%', '5': '20.00%', '6': '15.00%', '7': '10.00%', '8': '5.00%', '9': '5.00%', '10': '12.50%'}"
Q247,How essential do you think it is as a characteristic of democracy that the state makes people's incomes equal? 1 means 'Not an essential characteristic of democracy' and 10 means 'An essential characteristic of democracy',"['1', '2', '3', '4', '5', '6', '7', '8', '9', '10']","['1', '2', '3', '4', '5', '6', '7', '8', '9', '10']","1. 1
2. 2
3. 3
4. 4
5. 5
6. 6
7. 7
8. 8
9. 9
10. 10",Opinion-Dependent,"{'1': '5.12%', '2': '8.25%', '3': '12.41%', '4': '15.62%', '5': '18.95%', '6': '12.18%', '7': '8.52%', '8': '5.89%', '9': '4.21%', '10': '8.89%'}"
Q248,How essential do you think it is as a characteristic of democracy that people obey their rulers? 1 means 'Not an essential characteristic of democracy' and 10 means 'An essential characteristic of democracy',"['1', '2', '3', '4', '5', '6', '7', '8', '9', '10']","['1', '2', '3', '4', '5', '6', '7', '8', '9', '10']","1. 1
2. 2
3. 3
4. 4
5. 5
6. 6
7. 7
8. 8
9. 9
10. 10",Opinion-Dependent,"{'1': '5.12%', '2': '8.25%', '3': '12.41%', '4': '15.62%', '5': '18.95%', '6': '12.18%', '7': '8.51%', '8': '5.89%', '9': '4.21%', '10': '8.80%'}"
Q249,How essential do you think it is as a characteristic of democracy that women have the same rights as men? 1 means 'Not an essential characteristic of democracy' and 10 means 'An essential characteristic of democracy',"['1', '2', '3', '4', '5', '6', '7', '8', '9', '10']","['1', '2', '3', '4', '5', '6', '7', '8', '9', '10']","1. 1
2. 2
3. 3
4. 4
5. 5
6. 6
7. 7
8. 8
9. 9
10. 10",Opinion-Dependent,"{'1': '0.05%', '2': '0.10%', '3': '0.50%', '4': '1.50%', '5': '3.00%', '6': '5.00%', '7': '10.00%', '8': '20.00%', '9': '25.00%', '10': '35.85%'}"
Q250,How important is it for you to live in a country that is governed democratically? 1 means 'Not at all important' and 10 means 'Absolutely important',"['1', '2', '3', '4', '5', '6', '7', '8', '9', '10']","['1', '2', '3', '4', '5', '6', '7', '8', '9', '10']","1. 1
2. 2
3. 3
4. 4
5. 5
6. 6
7. 7
8. 8
9. 9
10. 10",Opinion-Dependent,"{'1': '2.50%', '2': '1.25%', '3': '5.00%', '4': '10.00%', '5': '12.50%', '6': '15.00%', '7': '18.75%', '8': '20.00%', '9': '10.00%', '10': '5.00%'}"
Q251,How democratically is this country being governed today? 1 means 'Not at all democratic' and 10 means 'Completely democratic',"['1', '2', '3', '4', '5', '6', '7', '8', '9', '10']","['1', '2', '3', '4', '5', '6', '7', '8', '9', '10']","1. 1
2. 2
3. 3
4. 4
5. 5
6. 6
7. 7
8. 8
9. 9
10. 10",Culture-Dependent,"{'1': '5.00%', '2': '10.00%', '3': '15.00%', '4': '20.00%', '5': '25.00%', '6': '10.00%', '7': '5.00%', '8': '3.00%', '9': '2.00%', '10': '5.00%'}"
Q252,How satisfied are you with how the political system is functioning in your country these days? 1 means 'Not satisfied at all' and 10 means 'Completely satisfied',"['1', '2', '3', '4', '5', '6', '7', '8', '9', '10']","['1', '2', '3', '4', '5', '6', '7', '8', '9', '10']","1. 1
2. 2
3. 3
4. 4
5. 5
6. 6
7. 7
8. 8
9. 9
10. 10",Culture-Dependent,"{'1': '25.00%', '2': '15.00%', '3': '20.00%', '4': '10.00%', '5': '5.00%', '6': '5.00%', '7': '5.00%', '8': '5.00%', '9': '5.00%', '10': '5.00%'}"
Q253,How much respect is there for individual human rights nowadays in this country?,"['A great deal of respect for individual human rights', 'Fairly much respect', 'Not much respect', 'No respect at all']","['1', '2', '3', '4']","1. A great deal of respect for individual human rights
2. Fairly much respect
3. Not much respect
4. No respect at all",Culture-Dependent,"{'1': '15.00%', '2': '40.00%', '3': '30.00%', '4': '15.00%'}"
Q259,How close do you feel to the world?,"['Very close', 'Close', 'Not very close', 'Not close at all']","['1', '2', '3', '4']","1. Very close
2. Close
3. Not very close
4. Not close at all",Opinion-Dependent,"{'1': '40.00%', '2': '30.00%', '3': '20.00%', '4': '10.00%'}"
